level,Tags
medium,"['friggstad', 'cook07', 'medium']"
easy,"['anton_lunyov', 'cook06', 'easy']"
medium,"['mathematics', 'sereja', 'dynamic-prog', 'memoization', 'trees', 'hard', 'cook64']"
beginner,['vicky002']
beginner,"['admin2', 'cook58', 'cakewalk']"
medium,"['kostya_by', 'heavy-light', 'segment-tree', 'cook47', 'hard']"
easy,"['easy', 'witua', 'dynamic-prog', 'dp', 'cook28']"
easy,"['vamsi_kavala', 'easy', 'april12']"
medium,"['nov13', 'game', 'div_adm', 'easy-medium']"
medium,"['simple-math', 'dynamic-prog', 'aug13', 'ballon_ziq', 'exponentiation', 'easy']"
medium,"['cook18', 'medium', 'flying_ant']"
easy,"['maths', 'matrix-expo', 'sep12', 'vamsi_kavala']"
easy,['admin']
easy,"['ltime31', 'basic', 'xcwgf666', 'cakewalk', 'basics', 'constructions', 'language']"
easy,"['feb15', 'berezin', 'ad-hoc', 'simple']"
medium,['admin']
medium,"['xellos0', 'bfs', 'dfs', 'expected-value', 'medium-hard', 'probability', 'sept15']"
hard,            7-03-2014</td>        <
easy,"['jan15', 'medium', 'maths', 'ma5termind']"
hard,['admin']
challenge,['sereja']
hard,['friggstad']
medium,"['constructive', 'greedy', 'suh_ash2008', 'implementation', 'medium', 'acmamr15']"
easy,['admin']
hard,"['medium-hard', 'sereja', 'greedy', 'may14']"
hard,['admin']
easy,"['cook17', 'easy', 'laycurse']"
challenge,['admin']
easy,"['combinatorics', 'feb16', 'antoniuk1', 'maths', 'easy']"
medium,"['string', 'palindrome', 'kostya_by', 'ltime32']"
medium,"['snckpa16', 'series', 'antoniuk1', 'algebra', 'medium']"
challenge,['admin']
easy,['ballon_ziq']
medium,['amitpandeykgp']
medium,"['simple', 'recursion', 'flying_ant', 'cook23']"
challenge,"['friggstad', 'jan11', 'challenge']"
easy,"['subarray', 'aug15', 'dp', 'witalij_hq', 'easy', 'prefix-sum']"
easy,"['programming', 'cook41', 'easy', 'gerald']"
easy,"['gennady.korotkevich', 'cook19', 'easy']"
easy,['admin']
hard,"['july16', 'hard', 'kevinsogo', 'kernel-polygon']"
hard,"['hard', 'cook03', 'pieguy']"
medium,"['Rubanenko', 'dec12', 'medium', 'simple-math']"
medium,"['cook69', 'kostya_by', 'easy', 'lca']"
easy,"['adhoc', 'witua', 'aug12', 'cakewalk']"
hard,"['darkshadows', 'maths', 'maxflow', 'hard', 'july14']"
easy,"['june13', 'mkagenius', 'probability', 'easy']"
easy,"['laycurse', 'cook30', 'simple-math', 'cakewalk']"
easy,['admin']
easy,"['amitpandeykgp', 'ltime36', 'implementation']"
easy,"['may15', 'admin2', 'admin', 'easy', 'basic-math']"
medium,"['hard', 'anudeep2011', 'min-cost-flow', 'cook46']"
easy,"['simple', 'greedy', 'cook30', 'laycurse']"
beginner,"['cook55', 'recursion', 'cakewalk', 'devuy11', 'geometry']"
medium,"['hard', 'fft', 'tuananh93', 'ltime19']"
hard,"['binarysearch', 'witua', 'medium-hard', 'maths', 'cook28']"
medium,"['fushar', 'medium', 'nov11']"
hard,"['aho-corasick', 'xcwgf666', 'easy-medium', 'ltime06']"
medium,['amrmahmoud']
beginner,"['pieguy', 'cook04', 'easy']"
easy,"['logic', 'sorting', 'darkshadows', 'simple', 'cook75']"
hard,"['binarysearch', 'polygons', 'kostya_by', 'medium-hard', 'cook47']"
challenge,"['bruteforce', 'may13', 'pieguy', 'ad-hoc', 'challenge', 'interactive']"
hard,"['hard', 'march16', 'furko', 'greens-theorem']"
easy,"['bruteforce', 'vineetpaliwal', 'cook40', 'enumeration', 'cakewalk', 'factorial']"
hard,"['cook20', 'hard', 'laycurse']"
medium,"['ltime25', 'dp', 'furko', 'easy-medium']"
hard,"['oct12', 'hard', 'dp', 'laycurse']"
medium,"['sereja', 'seapror', 'bitwise-operatn', 'march15', 'medium']"
hard,['admin']
medium,"['admin2', 'string', 'acm15kol', 'processing']"
easy,"['april13', 'sorting', 'vamsi_kavala', 'greedy', 'cakewalk']"
easy,"['july13', 'ad-hoc', 'furko', 'cakewalk']"
medium,"['xcwgf666', 'easy', 'math', 'ltime06']"
medium,"['cook03', 'pieguy', 'medium']"
medium,"['sqrt-decomp', 'ma5termind', 'graph', 'data-structure', 'cook66', 'medium']"
easy,['admin']
medium,['admin']
hard,"['hard', 'march12', 'laycurse']"
hard,[]
beginner,"['snck151b', 'counting', 'ad-hoc', 'xcwgf666']"
hard,"['2d-fenwick', 'fenwick', 'sqrt-decomp', 'aug15', 'super-hard', 'segment-tree', 'mgch', 'range-tree']"
easy,"['yellow_agony', 'easy', 'march12']"
medium,['admin']
easy,"['aug14', 'graph', 'shortest-path', 'berezin', 'easy']"
easy,"['Rubanenko', 'cook53', 'easy', 'simple-math']"
medium,"['medium', 'mgch', 'geometry', 'ltime33']"
beginner,"['basic-prog', 'kostya_by', 'cook62', 'cakewalk', 'strings']"
medium,"['cook17', 'medium', 'laycurse']"
medium,"['tuananh93', 'ad-hoc', 'bitwise-operatn', 'easy-medium', 'ltime14']"
easy,"['combinatorics', 'sereja', 'dp', 'easy', 'june14']"
easy,['abeyaar']
medium,"['bit', 'segment-tree', 'may14', 'devuy11', 'hard']"
hard,"['hard', 'aug10', 'spooky']"
medium,['admin']
medium,"['medium', 'syco', 'sept10']"
medium,"['medium', 'aug11', 'spooky']"
medium,"['binarysearch', 'jan14', 'kostya_by', 'segment-tree', 'persistence', 'medium']"
challenge,"['iscsi', 'expectation', 'challenge', 'june14']"
medium,"['tuananh93', 'ltime19', 'simple', 'dp', 'greedy']"
medium,"['ltime28', 'xcwgf666', 'segment-tree', 'hard', 'sets']"
easy,"['pieguy', 'cook04', 'easy']"
hard,['admin']
easy,"['kaizer', 'math', 'binary', 'easy', 'sept15']"
medium,"['sereja', 'easy-medium', 'july15', 'maths', 'probability']"
medium,"['two-pointers', 'darkshadows', 'segment-tree', 'cook75', 'medium']"
easy,"['kaushik_iska', 'dp', 'oct12', 'easy']"
hard,"['jan16', 'wwwwodddd', 'gauss-elim', 'hard', 'recurrence']"
easy,"['nov16', 'cenadar', 'dfs', 'trees', 'medium']"
easy,"['feb16', 'sereja', 'medium']"
medium,"['aho-corasick', 'july12', 'xcwgf666', 'dp', 'medium']"
medium,"['medium', 'cook01', 'anhdq']"
medium,"['combinatorics', 'khadarbasha', 'aug12', 'recurrence']"
hard,['admin']
easy,['admin']
hard,"['dfs', 'xcwgf666', 'easy-medium', 'segment-tree', 'ltime12']"
medium,"['trie', 'shangjingbo', 'cook63', 'rolling-hash', 'medium-hard', 'palindrome', 'strings']"
medium,"['kostya_by', 'ad-hoc', 'map', 'simple', 'cook44']"
medium,"['dp', 'ltime21', 'medium', 'xcwgf666']"
medium,"['garg', 'jan13', 'pigeonhole', 'vinayak', 'medium']"
easy,"['june15', 'antoniuk1', 'sorting', 'cakewalk', 'geometry']"
medium,"['easy-medium', 'ltime31', 'xcwgf666', 'construction']"
easy,"['basic-prog', 'simple', 'nov16', 'fiter']"
easy,"['gamabunta', 'easy', 'cook12']"
beginner,"['ltime13', 'xcwgf666', 'sorting', 'cakewalk']"
easy,"['rosyish', 'easy', 'april12']"
hard,"['shangjingbo', 'segment-tree', 'medium', 'cook63']"
easy,['admin']
medium,"['tree', 'tuananh93', 'lca', 'march13', 'medium']"
easy,['anshuman_singh']
easy,"['admin2', 'feb16', 'ad-hoc', 'graph', 'simple']"
medium,"['gennady.korotkevich', 'medium', 'cook19']"
hard,"['anton_lunyov', 'bfs', 'medium', 'cook31']"
medium,"['programming', 'construction', 'xcwgf666', 'cakewalk', 'ltime18', 'language']"
medium,"['interpolation', 'garg', 'medium', 'vinayak', 'cook45', 'integrals']"
medium,"['medium', 'pieguy', 'cook09']"
medium,"['shangjingbo', 'matching', 'aug12', 'graph']"
medium,['admin']
medium,"['hamming-dist', 'admin2', 'easy-medium', 'arithmetic', 'april16']"
medium,"['medium', 'anhdq', 'june10']"
beginner,"['binarysearch', 'mathematics', 'ltime35', 'sqrt', 'ma5termind', 'implementation', 'cakewalk']"
medium,"['amitpandeykgp', 'ltime24', 'combinatorics', 'easy']"
hard,"['friggstad', 'hard', 'may11']"
beginner,"['ltime20', 'pavel1996', 'ad-hoc', 'cakewalk']"
medium,"['may12', 'medium', 'rosyish']"
easy,"['laycurse', 'greedy', 'cook30', 'easy']"
medium,"['Rubanenko', 'cook38', 'medium', 'segment-trees']"
easy,"['dpraveen', 'ad-hoc', 'aug14', 'cakewalk']"
hard,['admin']
medium,['yogesh01']
beginner,"['basic-prog', 'simulation', 'cook59', 'cakewalk', 'code_note']"
easy,"['march15', 'union-find', 'antoniuk1', 'easy']"
easy,"['calc_saransh', 'sep11', 'easy']"
easy,['admin']
easy,"['jan12', 'xcwgf666', 'easy']"
easy,"['kmp', 'vineetpaliwal', 'cook40', 'medium', 'hashing']"
medium,"['Rubanenko', 'dynamic-prog', 'medium', 'jan14']"
medium,"['ltime05', 'vineetpaliwal', 'combinations', 'binary-numbers', 'arithmetic', 'permutations', 'big-integer', 'easy']"
hard,"['ACRush', 'april14']"
hard,"['xellos0', 'matching', 'july15', 'hard', 'graphs', 'game-theory']"
hard,['admin']
easy,"['ashwin_jain', 'july11', 'easy']"
easy,"['greedy-algo', 'kevinsogo', 'easy', 'snckql16', 'strings']"
medium,"['jan12', 'yellow_agony', 'medium']"
easy,"['nssprogrammer', 'easy', 'april11']"
hard,"['june16', 'hard', 'kevinsogo', 'tree-dp']"
hard,['admin']
challenge,"['anton_lunyov', 'july12', 'challenge']"
medium,"['cook20', 'medium', 'laycurse']"
easy,"['cook02', 'easy', 'friggstad']"
hard,"['hard', 'gennady.korotkevich', 'dec11']"
hard,"['july10', 'hard', 'MichaelD']"
hard,"['anton_lunyov', 'hard', 'aug11']"
challenge,"['sereja', 'pollard-rho', 'sept14', 'challenge', 'factorization']"
hard,"['cook73', 'constructive', 'easy-medium', 'alei', 'gcd']"
medium,"['cook16', 'medium', 'gennady.korotkevich']"
medium,"['pragrame', 'medium', 'tree', 'cook35']"
medium,"['combinatorics', 'feb15', 'malinovsky239', 'graph', 'dp', 'medium']"
easy,"['antoniuk1', 'implementation', 'july15', 'cakewalk']"
easy,['admin']
medium,"['pragrame', 'medium', 'tree-dp', 'cook35']"
medium,"['cook71', 'bitwise-operatn', 'easy-medium', 'kingofnumbers']"
medium,"['manhattan', 'heap', 'kostya_by', 'cook52', 'easy', 'geometry']"
beginner,"['amitpandeykgp', 'greedy', 'ltime36']"
easy,"['anudeep2011', 'cook51', 'simple']"
hard,"['hard', 'pieguy', 'cook14']"
medium,"['nov10', 'medium', 'anhdq']"
hard,"['hard', 'oct11', 'laycurse']"
medium,"['furko', 'bitwise-operatn', 'greedychxorr', 'ltime04', 'easy']"
hard,"['hard', 'admin', 'april10']"
medium,"['witua', 'feb14', 'easy-medium']"
easy,"['kaushik_iska', 'may13', 'ad-hoc', 'cakewalk']"
easy,"['cook13', 'easy', 'flying_ant']"
hard,"['cook02', 'hard', 'friggstad']"
medium,['admin']
easy,"['calc_saransh', 'easy', 'nov11']"
beginner,['vicky002']
medium,"['dynamic-prog', 'kostya_by', 'easy-medium', 'cook62', 'greedy']"
easy,"['Rubanenko', 'prefix-sum', 'easy', 'dec13']"
hard,"['trie', 'xcwgf666', 'suffix_automata', 'medium', 'ltime13']"
medium,"['matrix-expo', 'nov12', 'witalij_hq', 'simple']"
hard,"['june12', 'hard', 'iscsi', 'prime-factor']"
medium,['admin']
medium,"['min-cost-flow', 'greedy', 'hard', 'satej', 'cook42']"
beginner,"['simple-math', 'cook29', 'pieguy', 'cakewalk']"
easy,"['darkshadows', 'easy', 'tree', 'april14']"
easy,"['kaushik_iska', 'april13', 'sieve', 'simple']"
easy,"['witua', 'easy', 'cook22']"
easy,"['pieguy', 'easy', 'cook09']"
hard,['yogesh01']
beginner,"['aug16', 'antoniuk1', 'cakewalk']"
easy,"['disjoint-set', 'july14', 'easy', 'viv001']"
medium,['wittyceaser']
hard,"['combinatorics', 'jan14', 'mugurelionut', 'hard', 'inclusn-exclusn']"
easy,"['programming', 'march14', 'berezin', 'cakewalk']"
hard,"['hard', 'aug10', 'MichaelD']"
easy,"['cakewalk', 'mischievous_me', 'ad-hoc', 'april14']"
hard,"['hard', 'pieguy', 'cook09']"
hard,"['flow', 'yellow_agony', 'matching', 'hard', 'aug12']"
easy,"['jan16', 'witalij_hq', 'dp', 'medium']"
medium,"['Rubanenko', 'cook53', 'sqrt-decomp', 'hard']"
hard,"['sereja', 'feb16', 'medium-hard']"
medium,['kevinsogo']
hard,"['friggstad', 'hard', 'nov10']"
easy,['anshuman_singh']
easy,['anshuman_singh']
hard,['admin']
medium,"['july11', 'medium', 'spooky']"
medium,"['Rubanenko', 'cook53', 'medium', 'dp+bitmask']"
hard,['admin']
easy,"['feb15', 'precalculation', 'ma5termind']"
easy,"['devuy11', 'acm15kol', 'convex-hull']"
easy,"['may14', 'berezin', 'easy', 'implementation']"
medium,"['fushar', 'medium', 'march11']"
easy,"['simple', 'march13', 'simple-math', 'xcwgf666']"
hard,"['july11', 'hard', 'gennady.korotkevich']"
medium,"['anton_lunyov', 'medium', 'cook11']"
medium,"['kaushik_iska', 'feb13', 'game', 'easy']"
hard,"['bit', 'inpr1502', 'mergesort', 'easy', 'yogesh01']"
hard,"['bitset', 'treap', 'oct15', 'dp', 'medium-hard', 'mgch']"
beginner,"['cook67', 'pavel1996', 'implementation', 'cakewalk', 'basic-math']"
easy,"['cook13', 'easy', 'flying_ant']"
easy,"['mgch', 'ltime33', 'cakewalk']"
hard,"['union-find', 'xcwgf666', 'march15', 'mobius_function', 'hard']"
medium,"['feb14', 'easy-medium', 'furko']"
hard,"['gennady.korotkevich', 'hard', 'cook19']"
hard,"['anton_lunyov', 'dec12', 'hard', 'math']"
medium,"['friggstad', 'medium', 'cook01']"
easy,"['dec15', 'tapasjain01', 'ad-hoc', 'arithmetic', 'greedy', 'cakewalk']"
easy,"['rustinpiece', 'cook37', 'geometry', 'easy']"
medium,"['bit', 'tuananh93', 'ltime14', 'segment-tree', 'medium-hard', 'strings']"
hard,"['admin2', 'cook58', 'hard', 'geometry']"
medium,"['witua', 'xor', 'easy-medium', 'bitwise', 'cook39']"
medium,"['cook13', 'medium', 'flying_ant']"
medium,"['union-find', 'lca', 'xcwgf666', 'trees', 'ltime39', 'medium']"
challenge,"['sereja', 'challenge', 'sept13']"
medium,"['min-cost-flow', 'xcwgf666', 'snck151a', 'graphs']"
hard,"['treaps', 'furko', 'april16', 'segment-tree', 'hard', 'graphs']"
easy,"['june15', 'antoniuk1', 'frndmting', 'maths', 'probability', 'easy']"
medium,"['amitpandeykgp', 'medium', 'fft', 'june15']"
hard,"['matrix-expo', 'witua', 'dp', 'hard', 'cook28']"
hard,"['march14', 'segment-tree', 'medium-hard', 'tuananh93']"
beginner,"['iscsi', 'snck15el']"
easy,"['iscsi', 'snck15el']"
beginner,['vicky002']
easy,"['combinatorics', 'dp', 'cook41', 'gerald', 'medium']"
beginner,"['input', 'admin', 'conditions', 'cakewalk']"
easy,['admin']
easy,"['july15', 'segment-tree', 'medium', 'lazypropagation', 'devuy11']"
easy,"['admin2', 'ad-hoc', 'jan16', 'cakewalk']"
easy,['iitgfaculties']
easy,"['oct16', 'dp', 'berezin', 'easy']"
hard,"['maths', 'bitmasking', 'pavel1996', 'april15', 'backtracking', 'hard']"
easy,"['combinatorics', 'march14', 'kostya_by', 'easy']"
hard,"['hard', 'spooky', 'june11']"
medium,"['graph', 'bridges', 'medium-hard', 'kingofnumbers', 'cook71']"
challenge,"['anton_lunyov', 'dec12', 'challenge']"
easy,['admin2']
medium,"['medium', 'dec10', 'subra']"
easy,"['cook54', 'anudeep2011', 'greedy', 'easy']"
hard,"['ltime23', 'xcwgf666', 'inclusn-exclusn', 'easy-medium']"
easy,['kingofnumbers']
medium,"['cook60', 'devuy11', 'easy-medium']"
challenge,"['jan15', 'sereja', 'challenge']"
easy,"['anton_lunyov', 'cook06', 'easy']"
beginner,['vicky002']
medium,"['fenwick', 'dynamic-prog', 'kostya_by', 'cook57', 'medium']"
medium,"['animesh_f', 'mo-algorithm', 'ltime38', 'data-structure', 'lunchtime', 'optimization']"
medium,"['sereja', 'jan15', 'maths', 'easy-medium']"
hard,"['june15', 'lp', 'shiplu', 'maxflow', 'hard']"
easy,"['math', 'linear-algebra', 'kostya_by', 'cook57', 'easy']"
hard,"['ad-hoc', 'medium-hard', 'cook37', 'implementation', 'rustinpiece']"
easy,"['eartemov', 'connected', 'easy-medium', 'graph', 'nov15']"
hard,"['hard', 'sept16', 'mgch', 'mincut-maxflow']"
medium,['admin']
medium,"['medium', 'feb11', 'tanaeem']"
hard,"['sept14', 'xiaodao', 'fenwick', 'sqrt-decomp', 'hard']"
medium,"['amitpandeykgp', 'number-theory', 'ltime36']"
hard,"['june13', 'medium-hard', 'ad-hoc', 'rustinpiece']"
hard,"['cook17', 'hard', 'laycurse']"
easy,"['may12', 'yellow_agony', 'easy']"
hard,"['hard', 'pieguy', 'cook09']"
challenge,['antoniuk1']
easy,"['combinatorics', 'feb13', 'kuruma', 'simple']"
hard,"['cook02', 'hard', 'friggstad']"
medium,['admin']
hard,[]
beginner,['vicky002']
easy,"['easy', 'dec13', 'viv001']"
medium,"['ltime20', 'easy-medium', 'pavel1996', 'dp', 'implementation']"
hard,"['interpolation', 'bignum', 'feb16', 'biginteger', 'dp', 'hard', 'alex_2oo8']"
easy,"['dynamic-prog', 'easy-medium', 'ma5termind', 'data-structure', 'july15']"
medium,"['witua', 'nov12', 'binomial', 'medium', 'maths']"
medium,            12-07-2013</td>        <
hard,"['hard', 'sep11', 'gennady.korotkevich']"
hard,"['kostya_by', 'divide-and-conq', 'cook52', 'medium-hard', 'sets', 'inclusn-exclusn']"
hard,"['Rubanenko', 'cook48', 'dfs', 'knapsack', 'medium-hard']"
beginner,"['ma5termind', 'april16', 'cakewalk']"
medium,"['dynamic-prog', 'multiplication', 'devuy11', 'long', 'acm15kol']"
hard,"['hard', 'syco', 'june10']"
hard,"['kaizer', 'fourier', 'linear', 'super-hard', 'aug15', 'graph', 'spectral', 'algebra']"
medium,"['anudeep2011', 'heap', 'cook51', 'greedy', 'multiset', 'easy']"
medium,"['prime-factor', 'anudeep2011', 'march14', 'segment-tree', 'medium']"
easy,"['may14', 'berezin', 'ad-hoc', 'cakewalk']"
hard,"['oct10', 'hard', 'pieguy']"
medium,"['decomposition', 'sqrt', 'med-hard', 'mgch', 'ltime33']"
hard,"['ma5termind', 'dp', 'medium-hard', 'cook66', 'palindrome', 'z-algorithm', 'strings']"
easy,"['nssprogrammer', 'easy', 'aug11']"
easy,"['july13', 'kaushik_iska', 'maths', 'easy', 'geometry']"
easy,"['rustinpiece', 'medium', 'offline-process', 'cook37']"
challenge,"['gennady.korotkevich', 'july11', 'challenge']"
easy,"['cook67', 'sorting', 'pavel1996', 'implementation', 'maths', 'geometry']"
medium,"['binarysearch', 'suffix-auto', 'march14', 'kuruma', 'medium', 'hashing', 'suffix-array']"
easy,"['cook18', 'easy', 'flying_ant']"
easy,"['maxsum', 'medium', 'xcwgf666', 'snckql16']"
medium,            31-01-2014</td>        <
medium,"['laycurse', 'dynamic-prog', 'june12', 'binomial', 'medium']"
challenge,"['friggstad', 'oct10', 'challenge']"
hard,"['kostya_by', 'easy-medium', 'basic-maths', 'ltime07', 'exponentiation', 'inclusn-exclusn', 'subarr']"
medium,"['dynamic-prog', 'easy-medium', 'aug14', 'darkshadows', 'dp+bitmask']"
hard,"['bit', 'april14', 'segment-tree', 'medium-hard', 'adurysk']"
medium,"['bfs', 'xcwgf666', 'easy', 'ltime18']"
hard,"['hard', 'sep11', 'pieguy']"
easy,"['berezin', 'easy', 'feb14']"
medium,"['medium', 'march11', 'spooky']"
medium,"['hypercube', 'ltime23', 'xcwgf666', 'easy']"
medium,"['laycurse', 'dijkstra', 'july13', 'medium', 'shortest-path']"
medium,"['cook20', 'medium', 'laycurse']"
medium,"['dec13', 'xcwgf666', 'burnside', 'hard', 'hashing']"
easy,"['simple', 'dynamic-prog', 'cook34', 'satej']"
challenge,['admin']
easy,"['sept14', 'math', 'combinations', 'simple', 'berezin']"
hard,"['witua', 'dp', 'medium-hard', 'cook49']"
medium,"['combinatorics', 'cook73', 'alei', 'catalan', 'medium']"
medium,"['devuy11', 'number-theory', 'nov14', 'easy-medium']"
easy,"['july12', 'matrix-expo', 'kaushik_iska', 'easy', 'recurrence']"
easy,"['simple-math', 'may13', 'vamsi_kavala', 'simple', 'probability']"
medium,"['combinatorics', 'dec12', 'easy-medium', 'ballon_ziq']"
hard,['admin']
medium,"['tree', 'dfs', 'kamranmaharov', 'dec14', 'medium']"
hard,"['thocevar', 'hard', 'june11']"
medium,"['math', 'cook50', 'lcm', 'darkshadows', 'dp', 'medium']"
hard,"['yellow_agony', 'july12', 'heavy-light', 'hard', 'number-theory']"
hard,['kevinsogo']
medium,"['combinatorics', 'cook37', 'rustinpiece', 'hard', 'inclusn-exclusn']"
hard,"['may12', 'hard', 'pieguy']"
easy,"['dynamic-prog', 'easy', 'cook74', 'tuananh93']"
easy,"['simple', 'stzgd', 'ad-hoc', 'june14']"
medium,"['aug16', 'medium', 'bitset', 'na2a']"
easy,"['combinatorics', 'oct14', 'rosyish', 'easy']"
beginner,['vicky002']
hard,"['hard', 'gennady.korotkevich', 'dec11']"
medium,"['Rubanenko', 'medium', 'cook48', 'graph']"
easy,"['combinatorics', 'june15', 'zfunction', 'antoniuk1', 'medium', 'suffix-array']"
challenge,['admin']
easy,"['april16', 'simple', 'fastmodexp', 'bipin2']"
beginner,['vicky002']
hard,"['friggstad', 'hard', 'may11']"
challenge,"['pieguy', 'search', 'challenge', 'nov12', 'optimization']"
hard,"['xcwgf666', 'medium-hard', 'oct14', 'lca']"
easy,"['guessing', 'admin', 'guessinggame', 'explanation', 'game']"
easy,"['cakewalk', 'jan13', 'ad-hoc', 'ballon_ziq']"
medium,"['cook68', 'xellos0', 'game-theory', 'nim', 'easy', 'parity-obsv']"
medium,"['anton_lunyov', 'greedy', 'cook31', 'easy']"
medium,"['oct12', 'medium', 'deque', 'vamsi_kavala']"
beginner,['karthikv1392']
easy,"['cook02', 'easy', 'friggstad']"
easy,"['friggstad', 'easy', 'nov10']"
medium,"['matrix', 'nov14', 'dp', 'medium', 'berezin']"
easy,"['bfs', 'easy-medium', 'graph', 'cook72', 'mgch']"
medium,['admin']
hard,"['tuananh93', 'ad-hoc', 'medium-hard', 'line-sweep', 'cook32', 'order-statistic']"
medium,"['jan15', 'greedy', 'nssprogrammer', 'easy-medium']"
beginner,"['kostya_by', 'basics', 'cook52', 'cakewalk']"
challenge,"['pieguy', 'jan12', 'challenge']"
easy,"['fushar', 'july11', 'easy']"
medium,"['ltime17', 'hash-map', 'easy', 'piyushkumar']"
medium,"['simulation', 'witua', 'cook56', 'easy']"
medium,"['bipartite', 'bfs', 'kostya_by', 'easy-medium', 'cook52', 'graphs']"
medium,['admin']
medium,"['bfs', 'dfs', 'xcwgf666', 'memoization', 'snckpb16', 'trees']"
easy,"['gennady.korotkevich', 'simple-math', 'cook27']"
medium,            25-07-2013</td>        <
easy,"['prime-factor', 'sieve', 'ballon_ziq', 'nov13', 'easy']"
beginner,"['Rubanenko', 'cook53', 'ad-hoc', 'easy']"
beginner,"['simple-math', 'pavel1996', 'ltime26']"
challenge,"['friggstad', 'medium', 'may11']"
easy,"['admin2', 'digraph', 'ad-hoc', 'graph', 'realization', 'snck151a']"
easy,"['chandubaba', 'simple', 'trigonometry', 'march15']"
medium,"['tree', 'ltime35', 'ma5termind', 'data-structure', 'trees', 'segment', 'queries']"
hard,"['cook55', 'dijkstra', 'paths-in-graph', 'graph', 'medium-hard', 'devuy11', 'shortest-path']"
easy,"['simple', 'kaizer', 'ad-hoc', 'oct15']"
easy,"['anudeep2011', 'ad-hoc', 'cook46', 'cakewalk']"
medium,"['bit', 'witua', 'fenwick', 'segment-tree', 'medium', 'cook39']"
easy,"['hashmaps', 'shangjingbo', 'cook63', 'easy', 'strings']"
medium,"['simple', 'dp', 'xcwgf666', 'ltime03']"
medium,"['recursion', 'xcwgf666', 'ltime41', 'divide-and-conq']"
hard,"['binary-search', 'angles', 'pavel1996', 'dec14', 'medium', 'geometry']"
challenge,"['sereja', 'challenge', 'aug14', 'greedy', 'heuristic']"
hard,"['dynamic-bcc', 'medium-hard', 'ltime03', 'xcwgf666']"
hard,['admin']
medium,"['combinatorics', 'sept13', 'easy-medium', 'viv001']"
medium,"['friggstad', 'cook07', 'medium']"
easy,"['cook62', 'simple', 'kostya_by', 'binary-search']"
easy,"['union-find', 'dfs', 'vamsi_kavala', 'simple', 'march13']"
medium,"['anudeep2011', 'dp', 'cook46', 'easy-medium']"
hard,"['friggstad', 'hard', 'may10']"
hard,"['thocevar', 'hard', 'feb12']"
challenge,['admin']
easy,"['april16', 'antoniuk1', 'simple']"
easy,"['june13', 'ad-hoc', 'vamsi_kavala', 'cakewalk']"
easy,"['anton_lunyov', 'easy', 'cook11']"
hard,"['hard', 'gamabunta', 'cook12']"
hard,"['rustinpiece', 'hard', 'feb12']"
easy,"['gennady.korotkevich', 'dynamic-prog', 'probability', 'cook27']"
medium,"['decomposition', 'trie', 'kostya_by', 'sqrt', 'medium', 'cook44']"
easy,"['dp', 'berezin', 'easy', 'dec14']"
hard,"['cook60', 'devuy11', 'medium-hard', 'maths']"
easy,"['oct12', 'matrix-expo', 'witalij_hq', 'simple']"
medium,"['bit', 'easy', 'dynamic-prog', 'cook34', 'satej']"
hard,['admin']
medium,"['furko', 'greedy', 'medium', 'nov15', 'dp+bitmask']"
easy,"['sorting', 'dp', 'suh_ash2008', 'acmamr15', 'easy', 'basic-math']"
medium,"['bruteforce', 'xcwgf666', 'ltime18', 'simple', 'handling', 'biginteger']"
medium,"['simple-math', 'ltime01', 'dynamic-prog', 'vamsi_kavala', 'simple']"
hard,"['june13', 'shangjingbo', 'medium-hard', 'math']"
easy,"['dpraveen', 'greedy', 'oct14', 'easy']"
medium,"['friggstad', 'medium', 'cook05']"
medium,"['simple', 'piyushkumar', 'ltime11', 'brute-force']"
easy,"['nov13', 'simple', 'div_adm']"
challenge,"['radio-networks', 'tree', 'nssprogrammer', 'challenge', 'graph', 'optimization', 'dec14']"
easy,"['prime', 'shettynamit', 'factors', 'simple', 'june12']"
easy,"['simple-math', 'july13', 'simple', 'ballon_ziq', 'probability']"
easy,"['egor_bobyk', 'simple', 'implementation', 'july15', 'maths']"
medium,"['admin2', 'partitioning', 'dp', 'medium-hard', 'april15']"
easy,"['witua', 'feb12', 'easy']"
medium,"['kevinsogo', 'greedy', 'easy', 'snckpb16']"
medium,"['decomposition', 'spanningtree', 'heavy-light', 'range-queries', 'devuy11', 'acm15kol']"
medium,['admin']
medium,"['cook13', 'rotstrang', 'medium', 'flying_ant']"
medium,"['jan16', 'med', 'convex-hull', 'cenadar']"
challenge,"['nov10', 'challenge', 'anshuman_singh']"
easy,['admin']
medium,"['kamranmaharov', 'number-theory', 'factors', 'sep12']"
beginner,['admin']
easy,['friggstad']
medium,"['cook17', 'medium', 'laycurse']"
medium,"['sereja', 'fenwick', 'medium', 'maths', 'ltime09', 'inversions']"
medium,['admin']
medium,"['fft', 'cook59', 'code_master01', 'medium-hard', 'game-theory']"
easy,"['nov14', 'berezin', 'ad-hoc', 'simple']"
medium,"['bipartite', 'easy-medium', 'matching', 'oct13', 'kaushik_iska']"
easy,"['jan13', 'witua', 'bitmasking', 'backtracking', 'easy']"
medium,"['dp', 'easy', 'ltime08', 'furko']"
easy,['anshuman_singh']
hard,"['fourier', 'karatsuba', 'medium-hard', 'nov15', 'binomial', 'rebryk']"
easy,['admin']
easy,"['cook18', 'easy', 'flying_ant']"
easy,"['programming', 'witalij_hq', 'dec13', 'cakewalk']"
medium,"['medium', 'cook21', 'flying_ant']"
medium,"['snckpa16', 'subsequence', 'kevinsogo', 'lis', 'dp', 'medium']"
hard,"['may12', 'hard', 'witua']"
challenge,"['antoniuk1', 'challenge', 'greedy', 'jan16', 'algorithm']"
hard,"['april13', 'anton_lunyov', 'modulo', 'hard', 'factorial']"
beginner,['vicky002']
easy,"['sprague-grundy', 'easy', 'satej', 'cook42', 'game-theory']"
easy,"['cook20', 'easy', 'laycurse']"
hard,"['hard', 'admin', 'april10']"
medium,[]
medium,"['snck151b', 'counting', 'xcwgf666']"
medium,"['yellow_agony', 'sieve', 'cook26', 'easy']"
medium,"['may10', 'medium', 'syco']"
easy,"['pointers', 'games', 'witua', 'greedy', 'cook49', 'easy']"
medium,"['ltime24', 'combinatorics', 'dynamic-prog', 'medium', 'amitpandeykgp']"
medium,['admin']
easy,"['bit', 'matrix', 'ltime25', 'furko', 'xor', 'easy']"
medium,"['ad-hoc', 'easy-medium', 'implementation', 'cook37', 'rustinpiece']"
beginner,['admin']
medium,"['code_master01', 'matrix-expo', 'medium-hard', 'cook59']"
easy,"['july16', 'simple', 'berezin', 'simple-math']"
medium,            31-01-2014</td>        <
easy,['admin']
medium,            7-03-2014</td>        <
hard,"['funtional-ds', 'may16', 'segment-tree', 'hard', 'mgch', 'range-tree']"
easy,"['cook17', 'easy', 'laycurse']"
easy,"['garg', 'aug14', 'simple', 'greedy', 'vinayak']"
hard,['admin']
medium,"['maths', 'ltime16', 'furko', 'simple']"
medium,"['sereja', 'sept14', 'dp', 'medium', 'expectation']"
easy,"['tuananh93', 'cook36', 'sorting', 'greedy', 'cakewalk']"
medium,['admin']
medium,"['gennady.korotkevich', 'medium', 'cook19']"
beginner,['admin']
medium,"['ad-hoc', 'easy-medium', 'ma5termind', 'greedy', 'cook66']"
easy,['iitgfaculties']
medium,['kingofnumbers']
easy,"['kaushik_iska', 'may12', 'easy']"
medium,['admin']
easy,"['Rubanenko', 'dynamic-prog', 'march13', 'expectation', 'easy']"
hard,"['hard', 'satej', 'aug11']"
medium,"['witua', 'medium', 'cook22']"
medium,['admin']
beginner,"['ad-hoc', 'tuananh93', 'cook74', 'cakewalk']"
hard,"['binary-search', 'ltime27', 'binary', 'sqrt-decomp', 'ma5termind', 'data-structure', 'hard']"
easy,"['april13', 'witua', 'sorting', 'greedy', 'easy']"
hard,['admin']
medium,"['sereja', 'nov14', 'ad-hoc', 'medium', 'hashing']"
easy,"['lca', 'ad-hoc', 'nov14', 'ma5termind', 'graph', 'easy']"
easy,"['prime', 'abhra73', 'oct15', 'easy', 'basic-math']"
medium,"['medium', 'gamabunta', 'cook12']"
medium,"['ltime20', 'bignum', 'pavel1996', 'implementation', 'maths', 'easy']"
easy,"['primenumbers', 'sieve', 'jan16', 'amitpandeykgp', 'easy']"
hard,"['anton_lunyov', 'hard', 'combinatorics', 'june13']"
medium,"['friggstad', 'cook07', 'medium']"
hard,['admin']
beginner,"['ltime28', 'xcwgf666', 'ad-hoc', 'simple', 'palindrome']"
hard,['admin']
medium,"['cook55', 'dynamic-prog', 'data-structure', 'medium', 'devuy11']"
medium,"['snck15el', 'xcwgf666']"
easy,"['jan13', 'sorting', 'simple', 'kaushik_iska', 'map']"
challenge,"['feb11', 'challenge', 'friggstad']"
easy,"['witua', 'easy', 'cook22']"
medium,['admin']
medium,"['witua', 'medium', 'probability', 'cook33']"
easy,"['cook16', 'easy', 'gennady.korotkevich']"
medium,"['medium', 'anhdq', 'april12']"
medium,"['tuananh93', 'kmp', 'ltime14', 'medium', 'strings']"
challenge,"['pieguy', 'challenge', 'june11']"
medium,['admin']
hard,"['friggstad', 'hard', 'june10']"
easy,"['easy', 'anhdq', 'april11']"
medium,"['trie', 'xor', 'rebryk', 'bitwise', 'sept15']"
hard,"['xiaodao', 'heavy-light', 'link-cut-tree', 'hard', 'dec13']"
challenge,['admin']
beginner,"['furko', 'dp', 'ltime08', 'chrl3', 'easy']"
challenge,"['gennady.korotkevich', 'challenge', 'dec11']"
easy,"['bits', 'dynamic-prog', 'xcwgf666', 'ltime41', 'dp']"
medium,"['cook29', 'number-theory', 'pieguy', 'easy-medium']"
medium,"['witua', 'medium', 'april12']"
medium,            12-07-2013</td>        <
easy,"['oct10', 'easy', 'anhdq']"
medium,"['ltime35', 'dynamic-prog', 'memoization', 'ma5termind', 'implementation', 'medium']"
easy,"['feb16', 'expectation', 'minimario']"
easy,"['hash-map', 'graph', 'simple', 'nov12', 'kaushik_iska']"
hard,"['centroid-decomp', 'dec15', 'binary-search', 'gomelfk', 'hard', 'hashing']"
hard,"['nov16', 'matrix-expo', 'maths', 'wwwwodddd', 'hard']"
easy,"['xcwgf666', 'easy-medium', 'graph', 'bellman-ford', 'ltime39', 'shortest-path']"
easy,"['basic-prog', 'easy-medium', 'cook59', 'code_master01', 'stack', 'pattern']"
medium,"['dec12', 'medium', 'ankul_iiita', 'simple-math']"
hard,"['march15', 'cgy4ever', 'fft', 'hard']"
easy,"['april10', 'syco', 'easy']"
hard,"['tree', 'lca', 'kostya_by', 'graph', 'medium-hard', 'ltime15', 'mst']"
hard,"['lca', 'cook50', 'dfs', 'darkshadows', 'dp', 'medium-hard']"
easy,"['dynamic-prog', 'cook67', 'pavel1996', 'easy', 'game-theory']"
medium,"['medium', 'segment-tree', 'xcwgf666', 'snckpb16']"
medium,"['aug16', 'kevind', 'segment-tree', 'medium', 'sweepline']"
easy,"['simple-math', 'cook44', 'kostya_by', 'cakewalk']"
medium,"['eccentricity', 'xcwgf666', 'central-nodes', 'snck151a', 'graphs']"
hard,"['tree', 'anudeep2011', 'data-structure', 'may14', 'hard']"
easy,['admin']
challenge,"['friggstad', 'aug10', 'challenge']"
medium,"['anton_lunyov', 'cook08', 'medium']"
easy,"['wwwwodddd', 'cook70', 'cakewalk']"
easy,"['Rubanenko', 'cook38', 'medium']"
easy,"['witua', 'ad-hoc', 'sorting', 'cook33', 'cakewalk']"
medium,"['may13', 'shangjingbo', 'maths', 'kirchhoff', 'easy']"
easy,"['easy', 'tuananh93', 'cook36', 'tsaplusb', 'maths', 'probability']"
medium,"['binary-search', 'furko', 'medium', 'preprocessing', 'ltime04']"
medium,"['garg', 'ad-hoc', 'graph', 'vinayak', 'cook45', 'easy']"
easy,"['pavel1996', 'ltime26', 'game-theory']"
medium,"['bruteforce', 'witua', 'simple', 'greedy', 'cook49']"
hard,"['modular-inv', 'antoniuk1', 'chinese-rem', 'april16', 'binomial', 'hard']"
easy,"['cook61', 'bitwise-operatn', 'basic-maths', 'simple', 'rustinpiece']"
beginner,"['cook71', 'simple', 'greedy', 'kingofnumbers']"
easy,"['vamsi_kavala', 'easy', 'march12']"
medium,"['july11', 'medium', 'pieguy']"
easy,"['string', 'march16', 'prateekg603', 'simple']"
hard,"['anton_lunyov', 'hard', 'cook15']"
medium,"['medium', 'anhdq', 'oct11']"
medium,"['medium', 'pieguy', 'cook14']"
challenge,['sereja']
medium,"['dynamic-prog', 'cook34', 'medium', 'satej']"
easy,"['dp', 'witua', 'cook39', 'easy']"
medium,"['ltime05', 'sprague-grundy', 'impartial-game', 'vineetpaliwal', 'easy-medium', 'zero-sum-game', 'game-theory']"
hard,"['suffix-trees', 'sept13', 'gerald', 'hard', 'strings']"
medium,"['shettynamit', 'june12', 'medium', 'functions', 'graphs']"
medium,"['fenwick', 'mergesort', 'ltime29', 'pavel1996', 'medium']"
medium,"['dec15', 'sereja', 'division', 'medium-hard', 'modular', 'inverse']"
hard,"['bit', 'fenwick-tree', 'fenwick', 'xcwgf666', 'nov15', 'hard']"
medium,"['combinatorics', 'digit-dp', 'tuananh93', 'ltime19', 'hard']"
easy,"['scanline', 'witua', 'sorting', 'simple', 'cook49']"
challenge,['admin']
easy,"['ltime27', 'sorting', 'dp', 'greedy', 'medium', 'amitpandeykgp']"
hard,"['sylvesters', 'matrices', 'sept15', 'pavel1996', 'hadamard', 'williamson', 'hard', 'paley-const']"
easy,"['simple', 'cook28', 'simple-math', 'witua']"
easy,['admin']
challenge,"['june16', 'antoniuk1', 'challenge']"
medium,"['medium', 'vamsi_kavala', 'dec11']"
easy,"['khadarbasha', 'jan13', 'dfs', 'sieve', 'easy']"
challenge,"['may16', 'travel-salesman', 'challenge', 'xcwgf666']"
medium,['m_17']
medium,['admin']
medium,"['ltime05', 'programming', 'vineetpaliwal', 'simple', 'palindromes', 'dynamic', 'strings']"
hard,"['manhattan', 'kostya_by', 'medium-hard', 'cook57', 'geometry']"
hard,"['july16', 'hard', 'burnside', 'mgch']"
medium,['admin']
medium,"['math', 'easy-medium', 'inverse-element', 'ltime11', 'piyushkumar']"
beginner,"['pavel1996', 'ltime37', 'basic-implement', 'cakewalk']"
hard,['admin']
hard,"['greedy', 'medium-hard', 'cook30', 'laycurse']"
hard,"['thocevar', 'bipartite', 'matching', 'nov12', 'hard']"
easy,"['nov14', 'darkshadows', 'cakewalk']"
easy,"['loops', 'witalij_hq', 'april15', 'simple']"
medium,"['rustinpiece', 'feb13', 'medium', 'line-sweep']"
challenge,"['march12', 'challenge', 'gamabunta']"
hard,['admin']
medium,"['cook18', 'medium', 'flying_ant']"
medium,"['dp', 'ltime28', 'medium', 'xcwgf666']"
challenge,"['bruteforce', 'gennady.korotkevich', 'challenge', 'sep12', 'gauss-elim']"
medium,"['medium', 'witua', 'dynamic-prog', 'cook33']"
challenge,['admin']
hard,"['fenwick', 'nov14', 'sqrt-decomp', 'data-structure', 'segment-tree', 'medium-hard', 'devuy11']"
easy,"['sep11', 'easy', 'vamsi_kavala']"
medium,"['binary-search', 'sereja', 'sparse-tables', 'segment-tree', 'medium', 'ltime09']"
easy,"['kostya_by', 'ad-hoc', 'ltime15', 'cakewalk']"
beginner,"['amitpandeykgp', 'gcd', 'ltime24', 'cakewalk']"
challenge,['admin']
hard,['admin']
medium,"['gennady.korotkevich', 'cook27', 'lca', 'graph']"
hard,"['medium-hard', 'cook30', 'math', 'laycurse']"
hard,"['thocevar', 'hard', 'jan12']"
hard,"['garg', 'medium-hard', 'implementation', 'vinayak', 'cook45', 'geometry']"
hard,"['combinatorics', 'fft', 'maths', 'pavel1996', 'july15', 'advanced-math', 'hard']"
easy,['admin']
medium,['iitgfaculties']
beginner,"['sorting', 'xcwgf666', 'ltime34', 'cakewalk']"
easy,['admin']
easy,"['backtracking', 'simple', 'cook24', 'laycurse']"
easy,"['simple-math', 'garg', 'aug13', 'simple', 'vinayak']"
easy,"['kevinsogo', 'snckpa16', 'loops', 'cakewalk']"
medium,"['number-theory', 'medium', 'ltime37', 'pavel1996']"
easy,"['easy', 'sorting', 'oct13', 'ballon_ziq', 'probability']"
easy,"['snckpa16', 'ad-hoc', 'xcwgf666', 'dp', 'palindrome', 'easy', 'strings']"
medium,"['prime', 'medium', 'ltime21', 'xcwgf666']"
challenge,['admin']
hard,"['fourier', 'fft', 'mgch', 'hard', 'sept15']"
easy,['admin']
medium,"['maths', 'kuruma', 'easy-medium', 'april14']"
easy,"['khadarbasha', 'dec12', 'dp', 'simple']"
easy,"['bit', 'dp', 'dec14', 'jay_adm', 'easy']"
medium,"['combinatorics', 'medium', 'xcwgf666', 'june13']"
challenge,['sereja']
easy,"['cook10', 'easy', 'flying_ant']"
medium,"['cook54', 'anudeep2011', 'dynamic-prog', 'medium']"
challenge,"['may15', 'ad-hoc', 'challenge', 'xcwgf666']"
medium,"['medium', 'dp', 'jan13', 'viv001']"
medium,['ma5termind']
easy,"['oct16', 'bit', 'easy', 'cenadar']"
easy,['admin']
medium,"['anton_lunyov', 'april13', 'medium', 'maths']"
hard,"['oct10', 'hard', 'anhdq']"
easy,"['pragrame', 'ad-hoc', 'easy', 'cook35']"
easy,"['kaushik_iska', 'oct12', 'cakewalk']"
medium,['admin2']
medium,['admin']
hard,"['sereja', 'maths', 'dp', 'hard', 'july14']"
beginner,"['ltime23', 'xcwgf666', 'cakewalk']"
easy,"['adhoc', 'sept14', 'easy', 'furko']"
medium,"['simple-math', 'ltime01', 'factorization', 'vamsi_kavala']"
medium,"['medium', 'feb11', 'anshuman_singh']"
medium,['gerald']
easy,"['cook29', 'ad-hoc', 'pieguy', 'cakewalk']"
beginner,"['cook68', 'simple', 'dp', 'xellos0']"
medium,"['nov16', 'divide-and-conq', 'medium-hard', 'trees', 'maestr0']"
beginner,['karthikv1392']
hard,"['may13', 'string-parsing', 'garg', 'grammar-parsing', 'regex', 'vinayak', 'hard']"
medium,"['binarysearch', 'tuananh93', 'dynamic-prog', 'easy-medium', 'graph', 'cook32']"
easy,"['oct14', 'berezin', 'easy', 'geometry']"
easy,"['cook68', 'xellos0', 'string-process', 'cakewalk']"
challenge,"['gennady.korotkevich', 'nov11', 'challenge']"
easy,"['simple-math', 'tuananh93', 'matrix-expo', 'simple', 'modulo', 'cook32']"
easy,"['combinatorics', 'lucas-theorem', 'easy-medium', 'darkshadows', 'dp', 'april15', 'maths']"
beginner,['vicky002']
easy,"['admin2', 'nov14', 'greedy', 'ad-hoc']"
medium,"['friggstad', 'medium', 'july10']"
challenge,"['researching', 'aug16', 'nssprogrammer', 'challenge']"
hard,['admin']
easy,"['re_01', 'rahulakaneo', 'easy', 'june11']"
medium,"['combinatorics', 'treap', 'xcwgf666', 'easy-medium', 'ltime06']"
easy,"['nov13', 'kuruma', 'easy']"
hard,"['thocevar', 'hard', 'feb12']"
medium,            8-03-2014</td>        <
challenge,['iscsi']
easy,"['recursion', 'meet-in-middle', 'easy-medium', 'may16', 'dp', 'omelyanenko']"
medium,"['medium', 'witalij_hq', 'dynamic-prog', 'aug14']"
hard,"['bfs', 'kostya_by', 'graph', 'bitmasking', 'ltime15', 'medium']"
easy,['wittyceaser']
medium,"['ltime07', 'greedy', 'kostya_by', 'simple']"
hard,"['anton_lunyov', 'hard', 'cook11']"
medium,"['bfs', 'medium', 'adhoc', 'witalij_hq', 'july14']"
medium,"['math', 'linear-algebra', 'kostya_by', 'cook57', 'hard']"
medium,"['july16', 'simple', 'fft', 'xcwgf666']"
hard,"['xcwgf666', 'matrices', 'heaps', 'april15', 'hard', 'merging']"
challenge,['admin']
beginner,"['loop', 'admin2', 'may16', 'int-div', 'cakewalk']"
easy,['admin2']
challenge,"['antoniuk1', 'challenge', 'sept15']"
medium,['kaizer']
hard,"['medium-hard', 'may15', 'sqrt-decomp', 'ma5termind']"
hard,"['anton_lunyov', 'hard', 'cook11']"
medium,['admin']
easy,"['oct13', 'kuruma', 'geometry', 'cakewalk']"
easy,"['satej', 'gcd', 'cook34', 'cakewalk']"
challenge,['gamabunta']
medium,"['combinatorics', 'sereja', 'medium', 'jan16', 'dp+bitmask']"
medium,"['subtree-sum', 'lca', 'heavy-decomp', 'med-hard', 'pavel1996', 'ltime37']"
medium,"['medium', 'oct10', 'pieguy']"
beginner,"['xcwgf666', 'ltime21', 'cakewalk']"
challenge,['admin']
easy,"['cakewalk', 'nov15', 'aangairbender']"
hard,"['rmq', 'cook70', 'lcp', 'segment-tree', 'medium-hard', 'wwwwodddd', 'string-hashing', 'suffix-array']"
hard,"['splay-tree', 'tuananh93', 'cook36', 'binary-tree', 'hard']"
beginner,['karthikv1392']
easy,"['cook62', 'kostya_by', 'number-theory', 'easy-medium']"
medium,['kevinsogo']
medium,"['combinatorics', 'cook73', 'easy-medium', 'alei', 'maths']"
medium,['admin']
hard,"['hard', 'march12', 'laycurse']"
easy,"['combinatorics', 'anton_lunyov', 'jan13', 'simple', 'modulo']"
medium,"['kevinsogo', 'simple', 'greedy', 'snckpb16']"
beginner,"['kostya_by', 'cook69', 'cakewalk']"
medium,"['medium', 'nomind', 'nov11']"
easy,"['gennady.korotkevich', 'ad-hoc', 'cook27']"
challenge,"['sereja', 'challenge', 'april14']"
easy,"['kaushik_iska', 'simple', 'sept13']"
medium,"['edit-distance', 'medium', 'sereja', 'oct14']"
easy,"['combinatorics', 'nov13', 'kuruma', 'simple']"
medium,"['binarysearch', 'shangjingbo', 'sep12', 'line-sweep', 'geometry']"
easy,"['cook71', 'binary-search', 'easy', 'kingofnumbers']"
easy,"['shiplu', 'feb14', 'cakewalk']"
medium,"['medium', 'dynamic-prog', 'cook74', 'tuananh93']"
medium,"['binary-search', 'ltime17', 'hash-map', 'sorting', 'simple-easy', 'piyushkumar']"
medium,"['july16', 'digit-dp', 'omelyanenko', 'medium', 'maths']"
hard,"['gennady.korotkevich', 'july12', 'hard', 'hashing', 'strings']"
beginner,"['darkshadows', 'sept15', 'cakewalk']"
hard,"['hard', 'nov14', 'sereja']"
medium,"['cook24', 'medium', 'laycurse']"
hard,"['dzy493941464', 'sept14', 'math', 'heavy-light', 'segment-tree', 'persistence', 'hard']"
beginner,"['basic-prog', 'egor_bobyk', 'july16', 'cakewalk']"
easy,"['matrix-expo', 'kaushik_iska', 'sep12', 'exponentiation', 'maths']"
beginner,"['simple', 'cook65', 'ad-hoc', 'mgch']"
easy,"['adhoc', 'devuy11', 'sept14', 'cakewalk']"
medium,"['april10', 'syco', 'easy']"
medium,"['combinatorics', 'sereja', 'may16', 'dp', 'number-theory']"
medium,"['Rubanenko', 'medium', 'cook48', 'graph']"
medium,"['cook72', 'segment-tree', 'medium', 'mgch']"
medium,['iitgfaculties']
easy,"['kaushik_iska', 'sept13', 'cakewalk']"
medium,            8-03-2014</td>        <
challenge,"['feb13', 'pieguy', 'ad-hoc', 'challenge']"
challenge,"['friggstad', 'march11', 'challenge']"
medium,['admin']
medium,"['binary-search', 'meet-in-middle', 'ltime40', 'medium', 'mgch']"
easy,"['sereja', 'divisors', 'simple', 'oct13', 'number-theory']"
easy,"['ad-hoc', 'ltime29', 'pavel1996', 'implementation', 'easy']"
challenge,"['may14', 'anudeep2011', 'interactive', 'challenge']"
easy,"['cook20', 'easy', 'laycurse']"
medium,"['cook55', 'mathematics', 'dynamic-prog', 'simple', 'devuy11']"
challenge,"['friggstad', 'challenge', 'june10']"
easy,"['kaushik_iska', 'easy', 'april12']"
easy,"['ltime07', 'kostya_by', 'implementation', 'cakewalk']"
medium,"['sept16', 'medium', 'list', 'nurbakhyt']"
easy,"['binomial', 'dynamic-prog', 'acm15kol', 'balajiganapath']"
medium,['syco']
hard,"['pieguy', 'maths', 'march13', 'advanced-math', 'hard']"
easy,"['aug15', 'ma5termind', 'simple', 'dp', 'greedy']"
medium,"['snckpa16', 'binary-search', 'jump-pointer', 'xcwgf666', 'greedy', 'act-select', 'medium']"
easy,"['antoniuk1', 'simple', 'trigonometry', 'oct16', 'symmetry']"
beginner,"['admin', 'number-theory', 'easy', 'basic-math']"
medium,"['recursion', 'witua', 'dynamic-prog', 'easy-medium', 'cook56']"
easy,"['witua', 'ad-hoc', 'sorting', 'aug13', 'simple']"
easy,"['dpraveen', 'easy', 'basic-math']"
easy,"['feb15', 'antoniuk1', 'easy', 'math']"
medium,"['cook44', 'kostya_by', 'easy-medium', 'game-theory']"
medium,"['bit', 'sereja', 'fenwick', 'aug13', 'segment-tree', 'medium']"
hard,"['friggstad', 'hard', 'dec10']"
easy,"['anton_lunyov', 'simple', 'cook31', 'simple-math']"
easy,"['may14', 'kuruma', 'ad-hoc', 'easy']"
easy,"['sept14', 'simple', 'adhoc', 'berezin', 'basic-math']"
easy,"['minimario', 'sept15', 'math', 'easy-medium']"
medium,['admin']
easy,"['anton_lunyov', 'cook08', 'easy']"
hard,"['dfs-order', 'tuananh93', 'jan14', 'xor', 'hard']"
easy,"['july12', 'simple', 'kamranmaharov', 'sorting']"
easy,"['combinatorics', 'nov16', 'fast-expo', 'darkshadows', 'easy']"
challenge,['admin2']
medium,['iitgfaculties']
hard,"['simple-math', 'witua', 'dynamic-prog', 'march13', 'hard', 'shortest-path']"
medium,['kingofnumbers']
hard,"['tuananh93', 'graph', 'dp', 'hard', 'cook74']"
easy,"['berezin', 'ad-hoc', 'june14', 'cakewalk']"
medium,"['admin2', 'ltime38', 'dp', 'dp+bitmask', 'hard']"
easy,"['cook01', 'easy', 'syco']"
hard,"['treaps', 'furko', 'substring', 'ltime16', 'hard']"
hard,"['cgy4ever', 'jan15', 'medium-hard', 'graph']"
easy,"['nssprogrammer', 'may11', 'easy']"
medium,"['cook16', 'medium', 'gennady.korotkevich']"
easy,"['admin2', 'ad-hoc', 'march15', 'greedy', 'easy']"
challenge,"['pieguy', 'challenge', 'april12']"
easy,"['matching', 'medium', 'sereja', 'jan14']"
hard,"['decomposition', 'aug16', 'heavy-light', 'segment-tree', 'hard', 'mgch']"
easy,"['admin2', 'simple', 'greedy', 'july16']"
easy,"['oct11', 'ankul_iiita', 'easy']"
beginner,"['loop', 'array', 'xcwgf666', 'cakewalk', 'snckql16']"
medium,"['sereja', 'medium', 'number-theory', 'dec14']"
easy,"['dp', 'easy', 'oct15', 'aangairbender']"
medium,"['cook25', 'bignum', 'maths', 'gamabunta']"
hard,"['pavel1996', 'number-theory', 'ltime26', 'math']"
medium,"['string', 'lcp', 'july13', 'medium', 'witalij_hq', 'suffix-array']"
medium,['admin']
medium,"['combinatorics', 'fft', 'divide-and-conq', 'darkshadows', 'cook75', 'medium-hard']"
hard,"['anton_lunyov', 'hard', 'jan11']"
medium,"['july10', 'medium', 'spooky']"
easy,"['amitpandeykgp', 'ltime30', 'implementation', 'precomputation']"
easy,"['cook72', 'simple', 'ad-hoc', 'mgch']"
medium,"['sprague-grundy', 'easy-medium', 'dp', 'oct13', 'kaushik_iska']"
medium,"['kostya_by', 'easy-medium', 'ltime15', 'number-theory', 'geometry']"
medium,"['combinatorics', 'garg', 'simple', 'greedy', 'vinayak', 'cook45']"
easy,"['egor_bobyk', 'gcd', 'nov15', 'simple']"
hard,['xiaodao']
beginner,['vicky002']
medium,"['cook25', 'graph', 'euler-tour', 'gamabunta']"
medium,"['medium', 'xcwgf666', 'march12']"
beginner,['vicky002']
medium,['admin']
hard,"['oct12', 'cgy4ever', 'hard']"
beginner,"['admin2', 'acm15chn', 'loops', 'strings']"
easy,"['mathematics', 'sereja', 'easy', 'gcd', 'number-theory', 'cook64']"
medium,"['sept14', 'fenwick', 'medium', 'berezin', 'inversions']"
easy,"['garg', 'ad-hoc', 'permutation', 'march13', 'cakewalk', 'vinayak']"
easy,"['sorting', 'ltime16', 'furko', 'cakewalk']"
easy,['admin']
beginner,['admin']
challenge,['ACRush']
medium,"['snckpa16', 'euclids-algo', 'kevinsogo', 'gcd', 'simple', 'linear-comb', 'bezout-identity']"
medium,"['xcwgf666', 'simple', 'basic_math', 'ltime13', 'inversions']"
hard,"['Rubanenko', 'feb13', 'hard', 'tree']"
hard,"['cook54', 'anudeep2011', 'medium-hard', 'mo-algorithm']"
challenge,['admin']
medium,"['bit', 'furko', 'ltime16', 'medium', 'sets']"
medium,"['segment-trees', 'sept13', 'data-structure', 'adurysk', 'medium']"
easy,"['combinatorics', 'sereja', 'easy', 'oct13', 'inclusn-exclusn']"
easy,"['combinatorics', 'value', 'binary-search', 'aug15', 'stock-span', 'ma5termind', 'stack', 'medium']"
medium,"['cook54', 'anudeep2011', 'medium', 'data-structure']"
easy,"['jan14', 'programming', 'viv001', 'cakewalk']"
challenge,"['feb16', 'berezin', 'challenge', 'greedy']"
easy,['admin']
hard,['admin']
hard,"['kostya_by', 'aug14', 'heavy-light', 'trees', 'hard', 'graphs']"
hard,"['jan15', 'sereja', 'matrix-expo', 'dynamic-prog', 'medium-hard']"
hard,"['cook65', 'heavy-light', 'data-structure', 'segment-tree', 'hard', 'mgch']"
easy,"['loops', 'm0stik', 'april15', 'cakewalk']"
easy,"['may11', 'easy', 'anhdq']"
challenge,[]
hard,"['garg', 'line-clipping', 'july13', 'line-sweep', 'vinayak', 'hard', 'geometry']"
easy,"['may10', 'akhilravidas', 'easy']"
easy,"['search', 'shettynamit', 'july12', 'cakewalk']"
easy,"['thocevar', 'easy', 'june11']"
hard,"['dynamic-prog', 'anhdq', 'sep12', 'gauss-elim', 'number-theory']"
easy,"['friggstad', 'easy', 'cook05']"
medium,"['Rubanenko', 'bit', 'cook38', 'heavy-light', 'segtree', 'trees', 'hard']"
medium,['xcwgf666']
hard,"['friggstad', 'hard', 'april11']"
easy,"['aug16', 'berezin', 'easy', 'prefix-sum']"
beginner,['vicky002']
medium,"['medium', 'jan11', 'anhdq']"
medium,"['programming', 'simple-math', 'yellow_agony', 'jan14', 'easy-medium']"
hard,"['anton_lunyov', 'hard', 'cook08']"
challenge,"['oct12', 'yellow_agony', 'challenge']"
hard,"['anton_lunyov', 'hard', 'cook06']"
beginner,['karthikv1392']
hard,['admin']
medium,"['ltime04', 'dp', 'easy', 'furko']"
easy,"['gamabunta', 'easy', 'cook12']"
easy,"['witua', 'ad-hoc', 'cook28', 'cakewalk']"
easy,"['Rubanenko', 'may14', 'ad-hoc', 'easy']"
beginner,['vicky002']
medium,"['cook73', 'alei', 'data-structure', 'qeahea', 'medium-hard', 'segment-tree']"
medium,"['cook02', 'medium', 'friggstad']"
easy,"['stl', 'simple', 'greedy', 'jan16', 'berezin']"
easy,"['simple-math', 'furko', 'aug13', 'exponentiation', 'easy']"
medium,"['tuananh93', 'cook36', 'sorting', 'easy-medium', 'geometry']"
beginner,['karthikv1392']
medium,"['medium', 'cook04', 'pieguy']"
medium,"['anhdq', 'matching', 'graph', 'medium', 'aug12']"
medium,"['witua', 'medium', 'cook22']"
hard,['admin']
beginner,"['eartemov', 'ad-hoc', 'oct15', 'ad', 'cakewalk']"
easy,"['amitpandeykgp', 'may15', 'easy', 'basic-math']"
easy,"['simulation', 'witua', 'sorting', 'cakewalk', 'cook56']"
easy,"['ad-hoc', 'ad', 'cook72', 'easy', 'mgch']"
easy,"['bit', 'easy', 'witua', 'segment-tree', 'cook56']"
beginner,"['kostya_by', 'sets', 'cook57', 'cakewalk']"
easy,"['may16', 'binary-search', 'easy', 'cenadar']"
easy,"['easy', 'witua', 'sept13', 'brute-force', 'probability']"
medium,['admin']
medium,"['garg', 'disjoint-set', 'nov12', 'vinayak', 'medium']"
easy,"['shortest-path', 'aug12', 'vamsi_kavala']"
challenge,"['april13', 'pieguy', 'challenge', 'bitwise', 'gauss-elim']"
hard,['admin']
medium,"['pavel1996', 'ltime26']"
easy,"['pieguy', 'aug10', 'easy']"
medium,['admin']
hard,"['sereja', 'fft', 'july13', 'maths', 'hard']"
easy,"['july16', 'bfs', 'lexman', 'easy']"
easy,"['april13', 'dfs', 'graph', 'jay_adm', 'easy']"
medium,['admin']
easy,"['logic', 'may16', 'antoniuk1', 'simple']"
easy,"['may15', 'abhra73', 'sliding-range', 'easy-medium', 'range-queries']"
medium,"['Rubanenko', 'ltime01', 'dfs', 'medium', 'graphs']"
easy,"['kevinsogo', 'snck15el']"
easy,"['witua', 'dynamic-prog', 'may14', 'easy-medium']"
beginner,"['string', 'ad-hoc', 'chandubaba', 'cakewalk', 'sept16']"
medium,['admin']
medium,"['medium', 'cook04', 'pieguy']"
easy,"['antoniuk1', 'chasethered']"
easy,"['dec12', 'vamsi_kavala', 'simple-math', 'cakewalk']"
easy,"['witalij_hq', 'ad-hoc', 'easy', 'aug14']"
easy,"['basic-prog', 'ma5termind', 'march15', 'cakewalk']"
easy,['admin']
medium,"['medium', 'feb12', 'xcwgf666']"
challenge,['sereja']
easy,"['june13', 'simple', 'dynamic-prog', 'viv001']"
beginner,['vicky002']
medium,"['kevinsogo', 'lis', 'medium', 'snckpb16']"
medium,['admin']
easy,"['cook25', 'greedy', 'gamabunta']"
medium,['admin']
challenge,"['friggstad', 'challenge', 'april11']"
hard,"['wjmzbmr', 'hard', 'oct14', 'lca']"
easy,"['data', 'ltime35', 'sorting', 'ma5termind', 'data-structure', 'greedy', 'implementation']"
medium,"['combinatorics', 'sperners', 'piyushkumar', 'theorem', 'acm15kol']"
medium,"['simple', 'ltime22', 'binary-search', 'pnkjjindal']"
hard,"['jan16', 'hard', 'pavel1996', 'geometry']"
easy,"['june13', 'simple', 'dynamic-prog', 'witua']"
easy,"['anton_lunyov', 'cook15', 'easy']"
medium,"['bit', 'fenwick', 'kostya_by', 'ltime07', 'segment-tree', 'easy', 'prefix-sum']"
easy,"['friggstad', 'cook07', 'easy']"
easy,"['cook54', 'anudeep2011', 'easy', 'maths']"
hard,"['oct10', 'hard', 'pieguy']"
medium,"['ltime29', 'pavel1996', 'medium-hard', 'mo-algorithm']"
easy,"['bfs', 'dijkstra', 'berezin', 'easy', 'june14']"
medium,"['dfs-order', 'tuananh93', 'ltime19', 'hld', 'medium']"
medium,"['ltime22', 'piyushkumar', 'segment-tree', 'medium', 'sets']"
hard,"['bipartite', 'max-indep-set', 'medium-hard', 'maxflow', 'cook42', 'satej', 'geometry']"
hard,"['thocevar', 'hard', 'march11']"
beginner,['vicky002']
hard,"['cgy4ever', 'medium-hard', 'may15', 'lp']"
hard,"['hard', 'may10', 'MichaelD']"
medium,"['digit-dp', 'cook65', 'memoization', 'dp', 'hard', 'mgch']"
medium,"['admin2', 'cook58', 'easy', 'basic-graph']"
easy,"['kaushik_iska', 'may13', 'ad-hoc', 'cakewalk']"
easy,"['june16', 'prateekg603', 'easy', 'simple-math']"
medium,['utkarsh_lath']
medium,['admin']
beginner,"['admin', 'easy', 'array']"
medium,"['simple-math', 'cook29', 'pieguy', 'simple-easy']"
medium,"['lowest', 'common', 'ancestors', 'balanced', 'devuy11', 'parentheses', 'acm15kol']"
beginner,"['string', 'ltime25', 'furko', 'cakewalk']"
hard,"['dp', 'easy', 'yogesh01', 'inpr1501']"
medium,['admin']
medium,"['shangjingbo', 'data-structure', 'feb13', 'medium']"
hard,"['decomposition', 'march14', 'link-cut-tree', 'gerald', 'medium-hard']"
beginner,"['datatypes', 'input', 'conditions', 'admin', 'cakewalk']"
medium,"['witua', 'dp', 'july14', 'medium']"
challenge,['admin']
beginner,            31-01-2014</td>        <
easy,"['ltime06', 'xcwgf666', 'sorting', 'cakewalk']"
hard,"['totient', 'euclidean', 'eulerian', 'gcd', 'piyushkumar', 'acm15kol', 'algorithm']"
easy,['ma5termind']
medium,"['ltime28', 'kmp', 'string', 'xcwgf666', 'medium-hard', 'pattern']"
beginner,['vicky002']
easy,"['ad-hoc', 'ltime34', 'easy-medium', 'xcwgf666']"
medium,"['precision', 'jan13', 'medium', 'witalij_hq', 'geometry']"
easy,"['anudeep2011', 'ad-hoc', 'cook51', 'cakewalk']"
beginner,"['ma5termind', 'ad-hoc', 'cook66', 'cakewalk']"
easy,"['friggstad', 'jan11', 'easy']"
easy,['admin']
easy,"['cook10', 'easy', 'flying_ant']"
hard,"['anton_lunyov', 'hard', 'nov11']"
medium,"['centroid-decomp', 'medium', 'xcwgf666', 'ltime41']"
challenge,[]
easy,"['cakewalk', 'berezin', 'oct14', 'basic-math']"
medium,"['cook61', 'medium', 'rustinpiece', 'dp+bitmask']"
medium,"['sereja', 'sorting', 'easy-medium', 'greedy', 'implementation', 'maths', 'cook64']"
medium,"['xcwgf666', 'easy-medium', 'segment-tree', 'persistence', 'ltime03']"
medium,['admin']
medium,['admin']
easy,"['greedy', 'cook41', 'easy', 'gerald']"
easy,"['cook60', 'devuy11', 'simple']"
easy,['admin']
medium,"['union-find', 'bfs', 'dfs', 'cook70', 'easy-medium', 'dual-graph', 'wwwwodddd']"
easy,"['feb11', 'easy', 'spooky']"
medium,"['matrix-expo', 'fibonacci', 'div_adm', 'sep12', 'maths']"
hard,"['shangjingbo', 'hard', 'april12']"
easy,"['july10', 'easy', 'anhdq']"
medium,['friggstad']
hard,"['cook29', 'medium-hard', 'pieguy', 'game']"
challenge,"['gennady.korotkevich', 'oct11', 'challenge']"
medium,"['dijkstra', 'xcwgf666', 'medium', 'floyd-warshall', 'ltime34']"
easy,"['binarysearch', 'vineetpaliwal', 'sorting', 'cook40', 'priority', 'easy']"
medium,"['Rubanenko', 'medium', 'ltime01', 'divide-and-conq']"
medium,"['thocevar', 'medium', 'april12']"
medium,"['medium', 'aug10', 'anhdq']"
hard,"['rustinpiece', 'hard', 'sep11']"
medium,"['cook16', 'medium', 'gennady.korotkevich']"
easy,"['bitset', 'cook65', 'easy-medium', 'mgch', 'hashing']"
easy,"['math', 'ltime40', 'mgch', 'adhoc', 'easy', 'geometry']"
medium,"['tree', 'lca', 'xor', 'ltime40', 'optimization', 'medium', 'mgch']"
medium,"['Rubanenko', 'dynamic-prog', 'easy-medium', 'cook53', 'probability']"
beginner,"['adhoc', 'ma5termind', 'ltime27', 'cakewalk']"
easy,"['search', 'march14', 'kostya_by', 'easy']"
easy,"['easy', 'anhdq', 'dec11']"
hard,"['aho-corasick', 'string', 'dynamic-prog', 'aug13', 'medium-hard', 'kaushik_iska']"
hard,['mgch']
medium,['anshuman_singh']
hard,"['hard', 'pavel1996', 'june15', 'graph']"
beginner,"['devuy11', 'cook60', 'cakewalk']"
beginner,"['garg', 'cakewalk', 'implementation', 'vinayak', 'cook45', 'geometry']"
medium,"['medium', 'ltime21', 'xcwgf666']"
easy,"['Rubanenko', 'cook38', 'cakewalk']"
beginner,['admin']
beginner,"['simulation', 'simple', 'suh_ash2008', 'acmamr15', 'easy']"
hard,"['cook61', 'maths', 'backtracking', 'rustinpiece', 'hard']"
medium,"['medium', 'feb12', 'laycurse']"
medium,"['fenwick-tree', 'eartemov', 'oct15', 'permutation', 'medium', 'maths', 'inversions']"
challenge,"['june13', 'ACRush', 'challenge']"
medium,"['feb16', 'easy-medium', 'ma5termind']"
medium,"['tuananh93', 'cook36', 'medium', 'palindrome', 'strings']"
medium,"['nov16', 'cenadar', 'segment-tree', 'medium', 'line-sweep']"
easy,"['kostya_by', 'easy', 'dec13']"
medium,"['simple-math', 'may13', 'medium', 'exponentiation', 'mischievous_me', 'number-theory']"
hard,"['cgy4ever', 'dfs', 'fft', 'graph', 'aug13', 'hard']"
hard,"['centroid-decomp', 'disjoint-set', 'march16', 'segment-tree', 'hard', 'meteora']"
easy,"['dec15', 'euclidean', 'cenadar', 'sorting', 'gcd', 'simple', 'sets', 'parallel']"
beginner,"['simple-math', 'loop', 'cakewalk', 'oct16', 'berezin', 'factorization']"
hard,"['friggstad', 'hard', 'sept10']"
beginner,"['ltime17', 'ad-hoc', 'piyushkumar', 'cakewalk']"
easy,"['snck151b', 'abhra73', 'ad-hoc']"
medium,"['may16', 'dp', 'enumeration', 'prateekg603']"
hard,"['binarysearch', 'laycurse', 'dp', 'cook24', 'hard']"
easy,"['bit', 'darkshadows', 'simple', 'dp', 'dec14']"
easy,['admin']
medium,['admin']
challenge,"['pieguy', 'bfs', 'ad-hoc', 'challenge', 'interactive', 'march13']"
easy,['kevinsogo']
easy,"['may15', 'abhra73', 'cakewalk', 'basic-math']"
hard,"['KADR', 'fft', 'maths', 'hard', 'dec13']"
challenge,"['nov15', 'challenge', 'xcwgf666']"
easy,"['string', 'ad-hoc', 'ltime29', 'pavel1996', 'implementation', 'cakewalk']"
easy,"['admin2', 'march16', 'simple', 'algorithm']"
easy,"['anton_lunyov', 'cook15', 'easy']"
medium,"['string', 'kostya_by', 'medium', 'manacher', 'cook44']"
easy,"['dec12', 'dpmgc', 'kuruma', 'simple']"
medium,['admin']
easy,"['sereja', 'easy', 'feb14']"
medium,"['witua', 'medium', 'cook22']"
medium,"['maths', 'ltime22', 'piyushkumar', 'cakewalk']"
easy,"['cook24', 'easy', 'geometry', 'laycurse']"
easy,"['Rubanenko', 'cook48', 'cakewalk']"
challenge,"['nov14', 'challenge', 'xcwgf666']"
easy,"['pragrame', 'ad-hoc', 'cook35', 'cakewalk']"
easy,"['witua', 'cook39', 'ad-hoc', 'easy']"
easy,"['june16', 'berezin', 'easy']"
beginner,"['basic-prog', 'cook61', 'implementation', 'cakewalk', 'rustinpiece', 'strings']"
easy,"['oct11', 'easy', 'vamsi_kavala']"
easy,"['anton_lunyov', 'cook08', 'easy']"
easy,"['aug16', 'witalij_hq', 'easy']"
hard,"['july10', 'hard', 'syco']"
hard,"['gauss-elim', 'jan13', 'hard', 'laycurse']"
challenge,"['july14', 'greedy', 'gerald', 'challenge']"
hard,"['matrix-expo', 'garner-algo', 'chinese-rem', 'may16', 'dp', 'medium-hard', 'biginteger', 'mgch']"
hard,"['fft', 'maths', 'nov12', 'rustinpiece', 'hard']"
hard,"['trie', 'witua', 'xor', 'dp', 'medium-hard', 'bitwise', 'cook39']"
medium,"['ad-hoc', 'ltime03', 'xcwgf666']"
medium,"['sereja', 'dynamic-prog', 'trees', 'medium', 'maths', 'cook64']"
medium,"['dec15', 'directed', 'dp', 'medium', 'berezin', 'graphs']"
hard,['admin']
medium,"['ad-hoc', 'march13', 'modulo', 'medium', 'kaushik_iska']"
medium,"['tuananh93', 'lca', 'ltime14', 'medium-hard', 'trees']"
challenge,"['tuananh93', 'challenge', 'dp', 'greedy', 'heuristic', 'dec13']"
easy,"['admin2', 'snck151c']"
medium,"['cook18', 'takeway', 'medium', 'flying_ant']"
medium,"['medium', 'cook41', 'gerald']"
easy,"['simulation', 'witalij_hq', 'june15', 'cakewalk']"
hard,['admin']
medium,"['malinovsky239', 'ad-hoc', 'easy-medium', 'april14']"
easy,"['kaushik_iska', 'programming', 'simple', 'jan14']"
easy,"['jay_adm', 'dynamic-prog', 'easy', 'june13']"
easy,"['cenadar', 'easy-medium', 'nov15', 'maxflow', 'maximum-flow']"
medium,['admin']
easy,"['may16', 'dp', 'berezin', 'easy']"
easy,['darkshadows']
challenge,"['pieguy', 'jan14', 'search', 'dynamic-prog', 'challenge', 'greedy', 'heuristic']"
challenge,"['challenge', 'gamabunta', 'june12', 'geometry', 'kd-tree']"
easy,"['cakewalk', 'jan15', 'berezin', 'basic-math']"
easy,"['easy', 'flying_ant', 'cook23']"
medium,"['decomposition', 'bit', 'lca', 'fenwick', 'tehnar', 'medium-hard', 'nov15', 'hashing']"
medium,"['cook65', 'dynamic-prog', 'lcs', 'dp', 'dp+lcs', 'medium', 'mgch']"
medium,"['code_master01', 'snck151c']"
hard,"['errichto', 'convex-hull', 'convex', 'oct16', 'hard', 'geometry', 'random']"
easy,"['march14', 'viv001', 'simple-math', 'cakewalk']"
hard,['admin']
easy,['anshuman_singh']
easy,"['yellow_agony', 'simple', 'cook26', 'simple-math']"
beginner,"['string', 'ma5termind', 'cakewalk', 'string-process', 'march16']"
medium,"['bicolor', 'disjoint-set', 'admin2', 'xor', 'graph', 'medium', 'march16']"
medium,"['admin2', 'shortest', 'supersequence', 'backtracking', 'acm15kol']"
beginner,"['ltime08', 'dp', 'furko', 'easy-medium']"
beginner,"['basic-prog', 'nov16', 'lcm', 'rubanalexey', 'simple']"
easy,"['union-find', 'disjoint-set', 'july13', 'jay_adm', 'mst', 'easy']"
easy,"['bit', 'easy', 'anhdq', 'april11']"
challenge,['admin']
easy,"['simulation', 'sereja', 'easy', 'implementation', 'cook64']"
medium,"['witua', 'cook33', 'sliding-window', 'easy', 'strings']"
easy,"['nov16', 'kmp', 'dp', 'omelyanenko', 'easy']"
medium,"['Rubanenko', 'april13', 'prim', 'medium', 'mst']"
medium,"['yellow_agony', 'kruskal', 'cook26', 'easy']"
medium,"['binary-search', 'sliding-range', 'antoniuk1', 'aug15', 'divide-and-conq', 'medium-hard', 'minimum-query', 'unrooted-trees']"
hard,['admin']
easy,"['fushar', 'easy', 'dec10']"
easy,"['cook69', 'kostya_by', 'divisors', 'simple', 'sum']"
easy,"['combinatorics', 'counting', 'easy-medium', 'cook59', 'code_master01', 'game-theory']"
medium,['admin']
beginner,"['simple', 'dp', 'oct15', 'darkshadows']"
medium,['admin']
medium,"['cook61', 'dynamic-prog', 'greedy', 'medium-hard', 'rustinpiece', 'graphs']"
easy,"['cook25', 'ad-hoc', 'gamabunta']"
medium,"['cook67', 'constructive', 'pavel1996', 'palindromes', 'hashing']"
easy,"['bitset', 'ad-hoc', 'omelyanenko', 'sept16', 'easy', 'basic-math']"
hard,"['xcwgf666', 'data-structure', 'dp', 'medium-hard', 'ltime34']"
easy,"['friggstad', 'easy', 'sept10']"
medium,"['antoniuk1', 'june16', 'dp', 'partial-sums', 'medium']"
medium,"['medium', 'cook21', 'flying_ant']"
easy,"['simple-math', 'dynamic-prog', 'vamsi_kavala', 'aug13', 'dp', 'easy']"
hard,"['oct13', 'hard', 'dp', 'mugurelionut']"
easy,"['admin2', 'greedy', 'easy', 'ltime38']"
beginner,"['simple', 'pavel1996', 'trial-error', 'ltime37', 'basic-graph']"
medium,"['bit', 'recursion', 'ltime17', 'memoization', 'easy-medium', 'piyushkumar', 'dp']"
medium,"['anton_lunyov', 'binary-search', 'cook31', 'easy']"
beginner,"['admin2', 'ad-hoc', 'ltime38', 'ad', 'cakewalk']"
challenge,"['feb15', 'xcwgf666', 'challenge']"
easy,"['Rubanenko', 'data-structure', 'sep12', 'deque']"
medium,            12-07-2013</td>        <
medium,"['witua', 'easy-medium', 'dp', 'trees', 'cook49']"
easy,"['khadarbasha', 'simple-math', 'ad-hoc', 'nov12', 'cakewalk']"
easy,"['adhoc', 'berezin', 'easy', 'april14']"
easy,"['nssprogrammer', 'jan11', 'easy']"
medium,"['kostya_by', 'sorting', 'easy-medium', 'greedy', 'cook47']"
medium,"['medium', 'nomind', 'oct11']"
medium,"['binary-search', 'viv001', 'medium', 'number-theory', 'june14']"
medium,"['prefix-sums', 'easy-medium', 'piyushkumar', 'ltime11', 'dp']"
easy,"['sept15', 'ad-hoc', 'eartemov', 'easy-medium']"
easy,"['july12', 'search', 'shangjingbo', 'pigeonhole', 'medium']"
medium,"['anudeep2011', 'dynamic-prog', 'medium', 'april14']"
medium,['admin']
hard,"['inpr1502', 'greedy', 'easy', 'yogesh01']"
medium,"['pragrame', 'dfs', 'simple', 'cook35']"
beginner,"['jan16', 'abhra73', 'ad-hoc', 'easy-medium']"
medium,"['may15', 'combinatorics', 'admin2', 'arithmetic', 'medium', 'modular']"
easy,"['xcwgf666', 'ltime41', 'cakewalk']"
medium,"['anton_lunyov', 'cook15', 'medium']"
hard,"['aekd_adm', 'oct13', 'medium-hard', 'maths', 'number-theory']"
easy,"['june16', 'easy', 'binay-ops', 'ma5termind']"
easy,"['march14', 'shiplu', 'sorting', 'simple']"
easy,"['jan14', 'sorting', 'greedy', 'viv001', 'easy']"
easy,"['yellow_agony', 'easy', 'march12']"
hard,"['yellow_agony', 'medium-hard', 'cook26', 'kmp']"
easy,"['recursion', 'xcwgf666', 'memoization', 'simple-easy', 'dp', 'ltime39']"
easy,"['cook50', 'maths', 'darkshadows', 'cakewalk']"
medium,"['sprague-grundy', 'kevinsogo', 'combinatorial', 'easy', 'snckql16', 'game-theory']"
easy,"['Rubanenko', 'bruteforce', 'simple-math', 'simple', 'nov12']"
easy,"['sept14', 'math', 'devuy11', 'adhoc', 'easy']"
easy,"['april16', 'hamiltonian', 'prateekg603', 'simple']"
hard,['admin']
easy,['wittyceaser']
medium,"['sereja', 'dynamic-prog', 'may14', 'medium', 'game-theory']"
hard,"['hard', 'shiplu', 'feb14']"
easy,"['aug13', 'simple-math', 'kuruma', 'cakewalk']"
hard,"['aug16', 'binary-search', 'kevinsogo', 'sqrt-decomp', 'hard']"
easy,"['anton_lunyov', 'ad-hoc', 'cook31', 'cakewalk']"
easy,"['lcm', 'abhra73', 'april15', 'simple']"
easy,"['pdn', 'cook70', 'precomputation', 'enumeration', 'backtracking', 'wwwwodddd', 'easy']"
easy,"['abhra73', 'fibonacci', 'aug15', 'simple', 'zeckendorf']"
medium,"['medium', 'cook21', 'flying_ant']"
medium,"['friggstad', 'medium', 'cook05']"
easy,"['simple', 'dp', 'berezin', 'july14']"
hard,"['edge-cover', 'cook68', 'xellos0', 'matching', 'medium-hard', 'dp+bitmask']"
medium,"['may12', 'medium', 'rustinpiece']"
medium,"['log', 'sqrt-decomp', 'fiter', 'june16', 'medium']"
medium,"['combinatorics', 'medium', 'cook34', 'satej']"
easy,"['lcm', 'july14', 'berezin', 'easy']"
medium,"['oct16', 'dp', 'sereja', 'medium']"
hard,"['binary-search', 'dp', 'oct16', 'kingofnumbers', 'hard']"
medium,"['code_master01', 'snck15el']"
beginner,['admin']
hard,"['shangjingbo', 'medium-hard', 'dp+bitmask', 'cook63']"
easy,"['Rubanenko', 'number-theory', 'easy', 'sept13']"
beginner,"['xcwgf666', 'ltime39', 'implementation', 'cakewalk', 'strings']"
easy,"['m0stik', 'sorting', 'greedy', 'easy', 'sept15']"
hard,"['stl', 'two-pointers', 'xcwgf666', 'ltime12', 'easy']"
hard,"['anton_lunyov', 'hard', 'jan12']"
easy,"['july15', 'maths', 'na2a', 'simple']"
medium,"['witua', 'june12', 'ad-hoc', 'easy']"
easy,"['kuruma', 'easy', 'dec13']"
medium,"['combinatorics', 'intervals', 'ad-hoc', 'aug15', 'divisors', 'zedthirtyeight', 'medium']"
medium,"['march15', 'gomelfk', 'sqrt-decomp', 'medium']"
challenge,"['july10', 'pieguy', 'challenge']"
challenge,['admin']
medium,"['matrix-expo', 'dp', 'medium-hard', 'oct16', 'alex_2oo8']"
hard,"['gennady.korotkevich', 'graph', 'hard', 'game', 'aug12']"
hard,"['dominator', 'medium-hard', 'may15', 'ztxz16']"
hard,"['trie', 'jan15', 'gomelfk', 'data-structure', 'medium-hard']"
easy,"['fibonacci', 'ma5termind', 'segment-tree', 'april16', 'medium']"
hard,"['expected-value', 'permutation', 'cook72', 'gauss-elim', 'probability', 'hard', 'mgch']"
medium,"['cook50', 'exponentiation', 'medium', 'darkshadows']"
easy,"['sept16', 'antoniuk1', 'bipartiteness', 'easy']"
medium,"['jan15', 'darkshadows', 'segment-tree', 'medium', 'number-theory']"
medium,"['bitwise-operatn', 'segment-tree', 'medium', 'kingofnumbers', 'cook71']"
medium,"['greedy', 'piyushkumar', 'easy', 'ltime11']"
easy,"['witua', 'feb12', 'easy']"
hard,"['hard', 'nov11', 'laycurse']"
medium,"['laycurse', 'medium', 'dec11']"
easy,"['kostya_by', 'sorting', 'greedy', 'cook47', 'easy']"
medium,['utkarsh_lath']
medium,"['kaizer', 'lcm', 'oct15', 'segment-tree', 'medium-hard']"
challenge,"['dijkstra', 'challenge', 'xcwgf666', 'oct15', 'knapsack']"
easy,['admin']
easy,"['traversal', 'bfs', 'kostya_by', 'cook52', 'simple', 'graphs']"
easy,"['feb13', 'witua', 'simple-math', 'simple']"
hard,"['hard', 'max-flow', 'june14', 'xcwgf666']"
easy,"['dp', 'antoniuk1', 'medium', 'july16']"
hard,['admin']
easy,"['combinatorics', 'june15', 'dp', 'pavel1996', 'easy']"
easy,"['fushar', 'easy', 'dec10']"
hard,"['convex-hull', 'oct15', 'dp', 'kingofnumbers', 'hard']"
hard,"['easy', 'yogesh01', 'inpr1501']"
hard,"['may12', 'hard', 'anhdq']"
easy,"['combinatorics', 'kostya_by', 'easy', 'cook47']"
hard,"['thocevar', 'hard', 'feb11']"
challenge,"['sereja', 'ad-hoc', 'challenge', 'aug13', 'order-statistic']"
hard,"['kevinsogo', 'advanced-math', 'feb15', 'hard']"
easy,"['simple', 'furko', 'sept13']"
medium,"['binary-search', 'ma5termind', 'dp', 'march16', 'easy']"
medium,"['anton_lunyov', 'cook08', 'medium']"
easy,"['sereja', 'implementation', 'cakewalk', 'maths', 'ltime09']"
challenge,"['pieguy', 'sep11', 'challenge']"
easy,"['kaushik_iska', 'june12', 'greedy', 'simple']"
medium,"['greedy', 'easy', 'cook42', 'satej']"
medium,"['simple', 'pigeonhole', 'xcwgf666', 'ltime12']"
hard,"['xcwgf666', 'heavy-light', 'feb13', 'persistence', 'hard']"
hard,"['tuananh93', 'data-structure', 'interactive', 'nov13', 'hard', 'geometry']"
medium,"['dfs', 'ltime30', 'dp', 'trees', 'amitpandeykgp']"
medium,"['easy', 'flying_ant', 'cook23']"
medium,"['combinatorics', 'witua', 'dp', 'medium', 'june14']"
easy,"['kaizer', 'segment-tree', 'medium', 'sept16']"
hard,"['dec12', 'tuananh93', 'hard', 'suffix-array']"
beginner,"['cakewalk', 'ltime40', 'mgch', 'basic-math']"
easy,"['devuy11', 'dp', 'dynamic-prog', 'acm15kol']"
hard,"['devuy11', 'mathematics', 'hard', 'aug14']"
medium,"['medium', 'cook04', 'pieguy']"
medium,"['aug10', 'medium', 'spooky']"
medium,"['sereja', 'ltime09', 'dp', 'implementation', 'easy']"
easy,"['anton_lunyov', 'easy', 'cook11']"
easy,"['combinatorics', 'cook55', 'dynamic-prog', 'simple', 'devuy11', 'maths']"
hard,"['feb15', 'medium-hard', 'ad-hoc', 'alex_2oo8']"
medium,"['witua', 'jan12', 'medium']"
medium,"['amitpandeykgp', 'ltime24', 'easy', 'segment-tree']"
hard,"['recursion', 'cook70', 'dp', 'medium-hard', 'wwwwodddd']"
challenge,"['sereja', 'challenge', 'march14', 'greedy', 'heuristic', 'test-gen-plans']"
medium,['admin']
medium,"['kostya_by', 'fenwick', 'segment-tree', 'dp', 'ltime32']"
hard,['kevinsogo']
hard,"['simple-math', 'may13', 'tuananh93', 'heavy-light', 'segment-tree', 'hard']"
easy,"['maths', 'witalij_hq', 'july14', 'simple']"
easy,"['garg', 'stack', 'dec12', 'vinayak', 'easy']"
medium,"['xellos0', 'easy-medium', 'dp', 'april15', 'prefix-minimum']"
easy,"['witua', 'oct13', 'ad-hoc', 'simple-easy']"
medium,['admin']
easy,"['dec15', 'binary-search', 'omelyanenko', 'greedy', 'easy']"
challenge,['admin']
medium,"['ltime05', 'vineetpaliwal', 'multiplication', 'arithmetic', 'stack', 'cakewalk', 'modulo', 'queue']"
challenge,"['sereja', 'ad-hoc', 'sorting', 'challenge', 'july13']"
easy,"['adhoc', 'vamsi_kavala', 'aug12', 'difference-seq']"
easy,"['code_master01', 'snck15el']"
hard,['admin']
hard,"['disjoint-set', 'anudeep2011', 'suffix-trees', 'cook46', 'segment-tree', 'stack', 'medium-hard', 'suffix-array']"
beginner,"['darkshadows', 'cook75', 'sorting', 'cakewalk']"
challenge,"['witalij_hq', 'challenge', 'april15']"
medium,"['binary', 'easy', 'xcwgf666', 'graph', 'bipartiteness', 'ltime18']"
medium,"['cook13', 'medium', 'flying_ant']"
medium,"['math', 'tuananh93', 'cook74', 'medium', 'geometry']"
medium,"['cenadar', 'minimum-cut', 'mincut-maxflow', 'maxflow', 'medium', 'march16']"
easy,"['admin2', 'cook58', 'greedy', 'easy']"
medium,['admin']
medium,"['medium', 'syco', 'sept10']"
medium,"['amitpandeykgp', 'dp', 'ltime36', 'strings']"
challenge,"['july16', 'admin2', 'challenge', 'greedy', 'randomized']"
easy,"['friggstad', 'easy', 'cook05']"
challenge,"['pieguy', 'challenge', 'aug12', 'graph']"
hard,"['medium', 'utkarsh_lath', 'nov13']"
easy,"['ma5termind', 'ad-hoc', 'dec14', 'cakewalk']"
easy,"['cook50', 'simple', 'dp', 'darkshadows']"
challenge,"['friggstad', 'challenge', 'dec10']"
hard,['admin']
medium,"['medium-hard', 'adurysk', 'july15', 'maths', 'geometry', 'recurrence']"
hard,"['hard', 'aug11', 'spooky']"
easy,"['witua', 'easy', 'march12']"
hard,"['tuananh93', 'sept13', 'hard', 'geometry', 'discretization']"
beginner,['karthikv1392']
medium,"['july12', 'witua', 'segment-tree', 'medium', 'probability']"
easy,"['aug16', 'berezin', 'simple', 'graph']"
beginner,"['friggstad', 'cook07', 'easy']"
hard,"['hard', 'xcwgf666', 'april12']"
medium,['xcwgf666']
hard,"['two-pointers', 'anudeep2011', 'cook51', 'segment-tree', 'greedy', 'hard']"
hard,"['tree', 'dynamic-prog', 'kostya_by', 'graph', 'cook62', 'medium-hard']"
medium,['admin']
medium,"['witua', 'dp', 'cook56', 'medium']"
beginner,"['cenadar', 'ad-hoc', 'aug15', 'bitwise-operatn', 'cakewalk']"
easy,"['ma5termind', 'greedy', 'easy', 'cook66']"
easy,"['sorting', 'sep12', 'vamsi_kavala']"
hard,"['cook10', 'hard', 'flying_ant']"
easy,"['antoniuk1', 'june16', 'simple', 'finding-pattern', 'game-theory']"
challenge,"['pieguy', 'feb12', 'challenge']"
medium,"['friggstad', 'medium', 'cook05']"
easy,"['chandubaba', 'feb15', 'greedy']"
medium,            8-02-2014</td>        <
beginner,"['simple', 'xcwgf666', 'loop', 'snckpb16']"
medium,"['cook25', 'colouring', 'graph', 'gamabunta', 'gauss-elim']"
easy,"['darkshadows', 'binary-search', 'easy-medium', 'cook75']"
medium,"['partial-order', 'dilworth', 'kostya_by', 'dp', 'ltime32', 'maxflow']"
medium,"['iep', 'xcwgf666', 'sieve', 'easy-medium', 'gcd', 'mobius_function', 'ltime13']"
hard,"['gennady.korotkevich', 'hard', 'cook19']"
easy,"['sieve', 'memoization', 'vamsi_kavala', 'july13', 'simple']"
medium,"['vamsi_kavala', 'dp', 'easy', 'nov12']"
medium,"['tuananh93', 'string', 'lcp', 'easy-medium', 'cook32', 'suffix-array']"
easy,"['pieguy', 'easy', 'cook09']"
medium,"['combinatorics', 'ltime08', 'furko', 'cakewalk']"
hard,"['medium', 'xiaodao', 'oct14', 'suffix-array']"
challenge,"['challenge', 'feb14', 'ballon_ziq']"
medium,"['akhilravidas', 'medium', 'june10']"
medium,"['sparse-tables', 'rmq', 'antoniuk1', 'easy-medium', 'april15']"
challenge,"['annealing', 'steinertree', 'nssprogrammer', 'challenge', 'aug15', 'heuristic', 'stimulated', 'facility-loc']"
beginner,"['cook73', 'alei', 'parity', 'cakewalk', 'game-theory']"
hard,"['april10', 'hard', 'syco']"
easy,"['string', 'ad-hoc', 'ma5termind', 'sept16', 'easy']"
medium,['admin']
medium,"['binary-search', 'anudeep2011', 'bfs', 'dfs', 'cook51', 'easy-medium', 'sorting']"
challenge,"['mugurelionut', 'challenge', 'july15', 'game-theory']"
hard,"['medium-hard', 'gerald', 'hackenbush', 'april14']"
beginner,"['tree', 'cenadar', 'feb16', 'cakewalk', 'hashing']"
hard,"['binarysearch', 'cgy4ever', 'sep12', 'floyd-warshall', 'min-cost-flow']"
easy,"['khadarbasha', 'simple', 'oct12']"
easy,"['adurysk', 'feb14', 'easy']"
hard,"['heavy-light', 'data-structure', 'gerald', 'nov13', 'hard']"
easy,"['combinatorics', 'march16', 'medium', 'sereja']"
easy,"['shangjingbo', 'ad-hoc', 'cook63', 'simple']"
challenge,"['may12', 'challenge', 'laycurse']"
easy,['admin']
hard,"['hard', 'feb11', 'gamabunta']"
medium,"['thocevar', 'medium', 'june11']"
hard,['admin']
hard,"['anton_lunyov', 'hard', 'may11']"
medium,"['two', 'pieguy', 'chefs', 'medium', 'cook03']"
hard,"['hard', 'admin', 'dec10']"
easy,"['vineetpaliwal', 'dynamic-prog', 'fenwick', 'cook40', 'medium']"
medium,['admin']
challenge,"['oct14', 'berezin', 'challenge', 'randomized']"
medium,"['ltime22', 'graph-theory', 'pnkjjindal', 'medium-hard', 'mst']"
easy,"['yellow_agony', 'feb12', 'easy']"
hard,"['sereja', 'nov16', 'matrix-expo', 'dp', 'hard']"
medium,"['two-pointers', 'cook68', 'xellos0', 'convex-hull', 'medium', 'geometry']"
challenge,['admin']
beginner,"['cook24', 'laycurse', 'greedy', 'cakewalk']"
medium,"['array-string', 'flying_ant', 'cook23', 'cakewalk']"
easy,            31-01-2014</td>        <
easy,"['admin2', 'lcs', 'dec15', 'simple']"
medium,"['anton_lunyov', 'medium', 'cook06']"
easy,"['Rubanenko', 'simple-math', 'cook48']"
hard,"['dfs', 'xcwgf666', 'medium-hard', 'ltime23', 'palindrome']"
medium,"['bfs', 'medium', 'cook60', 'devuy11']"
hard,"['cook67', 'pavel1996', 'implementation', 'maths', 'geometry']"
medium,"['cenadar', 'minimum-cut', 'feb16', 'graph', 'maxflow', 'medium']"
medium,"['Rubanenko', 'medium', 'oct12']"
hard,"['dec15', 'interpolation', 'precomputation', 'recurrences', 'convex-polygon', 'hard', 'mgch', 'polynomial']"
medium,"['friggstad', 'medium', 'nov10']"
easy,"['Rubanenko', 'may13', 'primenumbers', 'simple', 'miller-rabin']"
hard,"['graph', 'pavel1996', 'hard', 'dec14']"
easy,"['oct12', 'witua', 'greedy', 'easy']"
easy,"['ad-hoc', 'tuananh93', 'cook32', 'cakewalk']"
medium,"['ltime31', 'dp', 'xcwgf666', 'easy']"
challenge,['admin']
medium,['syco']
hard,"['bruteforce', 'simple-math', 'cook27', 'gennady.korotkevich', 'meet-in-middle']"
beginner,['admin']
hard,"['bipartite', 'graph', 'iscsi', 'march13', 'maximum-flow', 'hard']"
medium,"['suh_ash2008', 'acmamr15', 'number-theory', 'medium']"
medium,"['cook58', 'medium-hard', 'flying_ant', 'tries']"
easy,"['nov13', 'kostya_by', 'cakewalk']"
hard,"['thocevar', 'hard', 'march11']"
hard,"['cgy4ever', 'graph', 'maxflow', 'dec14', 'hard']"
beginner,['vicky002']
challenge,"['polygons', 'pieguy', 'jan13', 'challenge']"
medium,"['medium', 'gamabunta', 'cook12']"
easy,"['feb15', 'abhra73', 'ad-hoc', 'easy']"
hard,"['combinatorics', 'feb15', 'math', 'admin2', 'matrix-expo', 'fft', 'dp', 'medium-hard']"
easy,"['binarysearch', 'vineetpaliwal', 'fibonacci', 'cook40', 'offline', 'easy', 'hashing']"
hard,"['hard', 'syco', 'sept10']"
easy,"['binary-search', 'dynamic-prog', 'darkshadows', 'march15', 'simple']"
medium,"['ltime25', 'furko', 'treap', 'data-structure', 'medium', 'order-statistic']"
easy,"['ltime31', 'set', 'bfs', 'xcwgf666', 'dsu', 'medium']"
medium,['admin']
challenge,"['friggstad', 'challenge', 'sept10']"
hard,"['april13', 'treap', 'wjmzbmr', 'hard', 'suffix-array']"
medium,"['admin2', 'snck151c']"
easy,"['march11', 'easy', 'anhdq']"
hard,"['shangjingbo', 'matching', 'june12', 'hard', 'probability']"
medium,"['fushar', 'jan11', 'medium']"
hard,"['ltime20', 'fenwick', 'ad-hoc', 'segment-tree', 'pavel1996', 'medium-hard', 'maths']"
medium,"['anton_lunyov', 'cook15', 'medium']"
hard,"['combinatorics', 'hard', 'sereja', 'june14']"
beginner,"['admin2', 'basic-maths', 'june16', 'cakewalk']"
easy,"['cook16', 'easy', 'gennady.korotkevich']"
medium,"['may12', 'witua', 'medium']"
challenge,"['challenge', 'admin', 'april10']"
easy,"['bit', 'cook23', 'sorting', 'medium', 'flying_ant']"
easy,"['simple', 'ad-hoc', 'witua', 'cook33']"
easy,"['devuy11', 'sorting', 'acm15kol']"
easy,"['dp', 'dec15', 'berezin', 'easy']"
hard,['admin']
easy,"['yellow_agony', 'simple-math', 'cook26', 'cakewalk']"
hard,"['polygons', 'shangjingbo', 'medium', 'june12', 'vectors']"
medium,['admin']
challenge,"['march16', 'antoniuk1', 'binary-search', 'challenge']"
hard,"['ltime04', 'medium', 'ad-hoc', 'furko']"
easy,"['april13', 'simple-math', 'simple', 'dp', 'kuruma']"
easy,"['cook10', 'easy', 'flying_ant']"
medium,['abbas']
medium,['xcwgf666']
medium,"['aug14', 'segment-tree', 'pavel1996', 'medium', 'lazy']"
easy,"['darkshadows', 'ad-hoc', 'july14', 'cakewalk']"
easy,"['ltime12', 'xcwgf666', 'cakewalk']"
challenge,"['march15', 'nssprogrammer', 'challenge']"
